,popul,TVnews,selfLR,ClinLR,DoleLR,PID,age,educ,income,vote,logpopul
0,0.0,7.0,7.0,1.0,6.0,6.0,36.0,3.0,1.0,1.0,-2.3025850929940455
1,190.0,1.0,3.0,3.0,5.0,1.0,20.0,4.0,1.0,0.0,5.247550249494384
2,31.0,7.0,2.0,2.0,6.0,1.0,24.0,6.0,1.0,0.0,3.4372078191851885
3,83.0,4.0,3.0,4.0,5.0,1.0,28.0,6.0,1.0,0.0,4.420044701861403
4,640.0,7.0,5.0,6.0,4.0,0.0,68.0,6.0,1.0,0.0,6.461624414147958
5,110.0,3.0,3.0,4.0,6.0,1.0,21.0,4.0,1.0,0.0,4.701389043728634
6,100.0,7.0,5.0,6.0,4.0,1.0,77.0,4.0,1.0,0.0,4.6061696863211745
7,31.0,1.0,5.0,4.0,5.0,4.0,21.0,4.0,1.0,0.0,3.4372078191851885
8,180.0,7.0,4.0,6.0,3.0,3.0,31.0,4.0,1.0,0.0,5.19351225218191
9,2800.0,0.0,3.0,3.0,7.0,0.0,39.0,3.0,1.0,0.0,7.937410409811269
10,1600.0,0.0,3.0,2.0,4.0,4.0,26.0,2.0,1.0,0.0,7.377821406274829
11,330.0,5.0,4.0,3.0,6.0,1.0,31.0,4.0,1.0,0.0,5.799395638859147
12,190.0,2.0,5.0,4.0,6.0,5.0,22.0,4.0,1.0,1.0,5.247550249494384
13,100.0,7.0,4.0,4.0,6.0,0.0,42.0,5.0,1.0,0.0,4.6061696863211745
14,1000.0,7.0,5.0,7.0,4.0,0.0,74.0,1.0,1.0,0.0,6.90785527398247
15,0.0,7.0,6.0,7.0,5.0,0.0,62.0,3.0,1.0,0.0,-2.3025850929940455
16,130.0,7.0,4.0,4.0,5.0,1.0,58.0,3.0,1.0,0.0,4.86830338551846
17,5.0,5.0,3.0,3.0,6.0,1.0,24.0,6.0,1.0,0.0,1.62924053973028
18,33.0,7.0,6.0,2.0,6.0,5.0,51.0,4.0,1.0,1.0,3.4995332823830174
19,19.0,2.0,2.0,1.0,4.0,0.0,36.0,3.0,2.0,0.0,2.9496883350525844
20,74.0,7.0,4.0,4.0,7.0,2.0,88.0,2.0,2.0,0.0,4.3054155323020415
21,190.0,0.0,2.0,4.0,6.0,2.0,20.0,4.0,2.0,0.0,5.247550249494384
22,12.0,3.0,4.0,6.0,3.0,2.0,27.0,3.0,2.0,0.0,2.4932054526026954
23,0.0,7.0,6.0,1.0,6.0,6.0,44.0,4.0,2.0,1.0,-2.3025850929940455
24,19.0,0.0,4.0,2.0,2.0,1.0,45.0,3.0,2.0,0.0,2.9496883350525844
25,0.0,2.0,4.0,3.0,6.0,1.0,21.0,4.0,2.0,0.0,-2.3025850929940455
26,390.0,5.0,3.0,4.0,7.0,1.0,40.0,5.0,2.0,0.0,5.966403116512611
27,40.0,7.0,4.0,3.0,4.0,0.0,40.0,6.0,2.0,0.0,3.6913763343125234
28,3.0,3.0,5.0,5.0,4.0,1.0,48.0,3.0,2.0,0.0,1.1314021114911006
29,450.0,3.0,4.0,7.0,1.0,0.0,34.0,3.0,2.0,0.0,6.109469780298887
30,350.0,0.0,3.0,4.0,7.0,2.0,26.0,2.0,2.0,0.0,5.85821882796062
31,64.0,3.0,4.0,4.0,2.0,1.0,60.0,2.0,3.0,0.0,4.160444363926624
32,3.0,0.0,4.0,4.0,3.0,0.0,32.0,3.0,3.0,0.0,1.1314021114911006
33,0.0,1.0,4.0,3.0,7.0,1.0,31.0,3.0,3.0,0.0,-2.3025850929940455
34,640.0,7.0,7.0,5.0,7.0,4.0,33.0,3.0,3.0,1.0,6.461624414147958
35,0.0,7.0,3.0,4.0,6.0,0.0,57.0,3.0,3.0,0.0,-2.3025850929940455
36,12.0,7.0,4.0,3.0,6.0,1.0,84.0,3.0,3.0,0.0,2.4932054526026954
37,62.0,6.0,7.0,2.0,7.0,5.0,75.0,3.0,3.0,1.0,4.128745988939433
38,31.0,2.0,7.0,2.0,6.0,6.0,19.0,4.0,3.0,1.0,3.4372078191851885
39,0.0,1.0,3.0,2.0,6.0,1.0,47.0,6.0,3.0,0.0,-2.3025850929940455
40,180.0,6.0,5.0,5.0,5.0,0.0,51.0,2.0,3.0,0.0,5.19351225218191
41,640.0,3.0,6.0,4.0,4.0,5.0,40.0,3.0,3.0,0.0,6.461624414147958
42,110.0,0.0,2.0,3.0,6.0,1.0,22.0,6.0,3.0,0.0,4.701389043728634
43,100.0,1.0,7.0,7.0,5.0,6.0,35.0,2.0,3.0,0.0,4.6061696863211745
44,100.0,7.0,4.0,4.0,7.0,2.0,43.0,5.0,3.0,0.0,4.6061696863211745
45,11.0,3.0,6.0,6.0,3.0,2.0,76.0,6.0,3.0,0.0,2.4069451083182885
46,0.0,7.0,4.0,3.0,1.0,6.0,45.0,3.0,3.0,1.0,-2.3025850929940455
47,4.0,7.0,4.0,6.0,6.0,0.0,88.0,2.0,3.0,0.0,1.410986973710262
48,35.0,6.0,4.0,4.0,2.0,1.0,46.0,3.0,4.0,0.0,3.55820113047182
49,0.0,1.0,3.0,4.0,5.0,2.0,22.0,6.0,4.0,0.0,-2.3025850929940455
50,0.0,7.0,5.0,1.0,6.0,5.0,68.0,3.0,4.0,1.0,-2.3025850929940455
51,0.0,2.0,5.0,2.0,6.0,5.0,38.0,3.0,4.0,1.0,-2.3025850929940455
52,33.0,7.0,4.0,3.0,6.0,3.0,69.0,2.0,4.0,0.0,3.4995332823830174
53,270.0,2.0,5.0,4.0,3.0,0.0,67.0,3.0,4.0,0.0,5.59879226079857
54,45.0,7.0,2.0,4.0,6.0,0.0,88.0,4.0,4.0,0.0,3.8088822465086327
55,40.0,3.0,6.0,2.0,5.0,5.0,68.0,3.0,4.0,1.0,3.6913763343125234
56,6.0,1.0,5.0,2.0,4.0,2.0,76.0,3.0,4.0,1.0,1.8082887711792655
57,2.0,7.0,4.0,4.0,6.0,0.0,72.0,2.0,4.0,0.0,0.7419373447293773
58,0.0,0.0,6.0,2.0,6.0,6.0,37.0,6.0,4.0,1.0,-2.3025850929940455
59,35.0,3.0,4.0,2.0,6.0,0.0,69.0,3.0,4.0,0.0,3.55820113047182
60,83.0,0.0,2.0,4.0,6.0,0.0,33.0,6.0,4.0,0.0,4.420044701861403
61,3500.0,7.0,2.0,2.0,6.0,0.0,34.0,4.0,4.0,0.0,8.16054681849792
62,100.0,2.0,4.0,4.0,7.0,2.0,30.0,3.0,4.0,0.0,4.6061696863211745
63,350.0,2.0,3.0,3.0,6.0,1.0,19.0,3.0,4.0,0.0,5.85821882796062
64,100.0,3.0,4.0,6.0,2.0,0.0,44.0,3.0,4.0,0.0,4.6061696863211745
65,67.0,1.0,4.0,4.0,7.0,1.0,64.0,3.0,4.0,0.0,4.206184043977636
66,30.0,5.0,7.0,7.0,2.0,0.0,37.0,4.0,4.0,0.0,3.40452517175483
67,0.0,7.0,6.0,3.0,5.0,4.0,31.0,5.0,5.0,1.0,-2.3025850929940455
68,0.0,0.0,6.0,1.0,5.0,4.0,88.0,4.0,5.0,1.0,-2.3025850929940455
69,6.0,7.0,6.0,2.0,6.0,6.0,77.0,4.0,5.0,1.0,1.8082887711792655
70,350.0,1.0,4.0,5.0,6.0,5.0,30.0,6.0,5.0,0.0,5.85821882796062
71,400.0,1.0,2.0,3.0,7.0,1.0,32.0,4.0,5.0,0.0,5.9917145158631895
72,15.0,7.0,6.0,2.0,6.0,6.0,59.0,1.0,5.0,1.0,2.714694743820879
73,0.0,0.0,4.0,4.0,4.0,3.0,47.0,4.0,5.0,0.0,-2.3025850929940455
74,3.0,2.0,4.0,6.0,5.0,1.0,22.0,3.0,5.0,0.0,1.1314021114911006
75,22.0,5.0,4.0,2.0,6.0,2.0,55.0,3.0,5.0,0.0,3.095577608523707
76,64.0,2.0,2.0,1.0,3.0,0.0,24.0,2.0,5.0,0.0,4.160444363926624
77,32.0,5.0,3.0,7.0,4.0,1.0,65.0,1.0,5.0,0.0,3.4688560301359703
78,390.0,7.0,3.0,6.0,2.0,2.0,24.0,3.0,5.0,0.0,5.966403116512611
79,0.0,7.0,3.0,4.0,5.0,3.0,30.0,3.0,5.0,0.0,-2.3025850929940455
80,0.0,7.0,4.0,5.0,2.0,3.0,73.0,3.0,5.0,0.0,-2.3025850929940455
81,59.0,5.0,3.0,3.0,5.0,1.0,73.0,5.0,5.0,0.0,4.079230924412053
82,0.0,6.0,4.0,3.0,6.0,2.0,91.0,1.0,5.0,0.0,-2.3025850929940455
83,35.0,7.0,3.0,2.0,5.0,0.0,71.0,2.0,5.0,0.0,3.55820113047182
84,0.0,2.0,6.0,4.0,5.0,4.0,34.0,4.0,5.0,1.0,-2.3025850929940455
85,170.0,7.0,4.0,3.0,2.0,0.0,48.0,2.0,6.0,0.0,5.136386499401816
86,12.0,1.0,6.0,2.0,6.0,5.0,42.0,4.0,6.0,1.0,2.4932054526026954
87,40.0,4.0,6.0,5.0,4.0,0.0,72.0,2.0,6.0,0.0,3.6913763343125234
88,31.0,2.0,3.0,4.0,6.0,6.0,20.0,4.0,6.0,1.0,3.4372078191851885
89,31.0,7.0,2.0,2.0,7.0,0.0,22.0,4.0,6.0,0.0,3.4372078191851885
90,1600.0,1.0,3.0,3.0,6.0,1.0,24.0,6.0,6.0,0.0,7.377821406274829
91,1.0,1.0,4.0,2.0,7.0,2.0,39.0,6.0,6.0,0.0,0.09531017980432493
92,4.0,7.0,6.0,1.0,6.0,6.0,83.0,5.0,6.0,1.0,1.410986973710262
93,190.0,0.0,6.0,2.0,6.0,6.0,39.0,3.0,6.0,1.0,5.247550249494384
94,53.0,3.0,5.0,3.0,6.0,1.0,33.0,5.0,6.0,0.0,3.9721769282478934
95,31.0,7.0,4.0,3.0,6.0,1.0,53.0,3.0,6.0,1.0,3.4372078191851885
96,16.0,7.0,5.0,3.0,6.0,5.0,82.0,3.0,6.0,1.0,2.7788192719904172
97,33.0,5.0,4.0,3.0,5.0,6.0,82.0,3.0,6.0,1.0,3.4995332823830174
98,0.0,3.0,5.0,3.0,6.0,5.0,47.0,6.0,7.0,1.0,-2.3025850929940455
99,0.0,3.0,4.0,2.0,7.0,4.0,68.0,3.0,7.0,0.0,-2.3025850929940455
100,0.0,7.0,4.0,3.0,5.0,0.0,84.0,6.0,7.0,0.0,-2.3025850929940455
101,27.0,2.0,6.0,1.0,6.0,5.0,35.0,5.0,7.0,1.0,3.299533727885655
102,84.0,7.0,4.0,5.0,6.0,1.0,67.0,2.0,7.0,0.0,4.432006566978902
103,22.0,3.0,5.0,3.0,5.0,4.0,33.0,2.0,7.0,1.0,3.095577608523707
104,0.0,3.0,3.0,3.0,5.0,0.0,49.0,7.0,7.0,0.0,-2.3025850929940455
105,3500.0,0.0,4.0,3.0,7.0,0.0,91.0,1.0,7.0,0.0,8.16054681849792
106,390.0,7.0,4.0,5.0,3.0,1.0,43.0,3.0,7.0,0.0,5.966403116512611
107,0.0,7.0,4.0,3.0,2.0,6.0,65.0,4.0,7.0,0.0,-2.3025850929940455
108,16.0,7.0,5.0,6.0,3.0,0.0,69.0,3.0,7.0,0.0,2.7788192719904172
109,200.0,0.0,5.0,5.0,4.0,1.0,56.0,4.0,8.0,0.0,5.2988172415896875
110,640.0,0.0,2.0,3.0,5.0,0.0,24.0,6.0,8.0,0.0,6.461624414147958
111,0.0,7.0,4.0,4.0,5.0,0.0,77.0,3.0,8.0,0.0,-2.3025850929940455
112,45.0,7.0,6.0,3.0,7.0,0.0,74.0,3.0,8.0,0.0,3.8088822465086327
113,12.0,0.0,7.0,3.0,6.0,6.0,25.0,6.0,8.0,1.0,2.4932054526026954
114,20.0,7.0,6.0,2.0,5.0,4.0,85.0,1.0,8.0,1.0,3.0007198150650303
115,7300.0,5.0,7.0,7.0,6.0,3.0,21.0,2.0,8.0,0.0,8.895643325672793
116,64.0,7.0,6.0,3.0,1.0,0.0,24.0,4.0,8.0,0.0,4.160444363926624
117,13.0,7.0,5.0,4.0,7.0,4.0,73.0,4.0,8.0,0.0,2.5726122302071057
118,190.0,0.0,4.0,5.0,3.0,2.0,37.0,3.0,8.0,0.0,5.247550249494384
119,9.0,4.0,4.0,5.0,1.0,2.0,35.0,4.0,8.0,0.0,2.2082744135228043
120,0.0,7.0,4.0,4.0,7.0,0.0,47.0,3.0,8.0,0.0,-2.3025850929940455
121,170.0,2.0,4.0,2.0,6.0,6.0,21.0,3.0,8.0,1.0,5.136386499401816
122,640.0,7.0,3.0,6.0,4.0,0.0,55.0,5.0,8.0,0.0,6.461624414147958
123,9.0,4.0,6.0,3.0,6.0,6.0,30.0,6.0,8.0,1.0,2.2082744135228043
124,0.0,4.0,5.0,3.0,6.0,4.0,76.0,7.0,8.0,1.0,-2.3025850929940455
125,7300.0,5.0,3.0,4.0,3.0,3.0,36.0,4.0,8.0,0.0,8.895643325672793
126,2800.0,0.0,1.0,1.0,7.0,0.0,38.0,3.0,9.0,0.0,7.937410409811269
127,0.0,7.0,2.0,3.0,5.0,0.0,67.0,3.0,9.0,0.0,-2.3025850929940455
128,30.0,7.0,7.0,3.0,7.0,6.0,70.0,2.0,9.0,1.0,3.40452517175483
129,44.0,7.0,5.0,3.0,7.0,2.0,78.0,4.0,9.0,0.0,3.7864597824528
130,7300.0,1.0,2.0,2.0,7.0,3.0,27.0,6.0,9.0,0.0,8.895643325672793
131,330.0,4.0,3.0,5.0,6.0,1.0,51.0,4.0,9.0,0.0,5.799395638859147
132,3.0,0.0,6.0,7.0,3.0,5.0,33.0,4.0,9.0,0.0,1.1314021114911006
133,51.0,2.0,6.0,1.0,5.0,6.0,80.0,6.0,9.0,1.0,3.933784497209659
134,29.0,5.0,4.0,1.0,6.0,1.0,79.0,1.0,9.0,0.0,3.370738174177447
135,630.0,2.0,6.0,4.0,5.0,4.0,66.0,1.0,9.0,1.0,6.44587853694801
136,170.0,0.0,4.0,1.0,6.0,0.0,32.0,3.0,10.0,0.0,5.136386499401816
137,33.0,7.0,4.0,5.0,7.0,0.0,70.0,2.0,10.0,0.0,3.4995332823830174
138,0.0,3.0,2.0,3.0,6.0,3.0,42.0,3.0,10.0,0.0,-2.3025850929940455
139,9.0,5.0,5.0,4.0,5.0,5.0,73.0,4.0,10.0,1.0,2.2082744135228043
140,22.0,4.0,4.0,4.0,6.0,0.0,87.0,2.0,10.0,0.0,3.095577608523707
141,100.0,0.0,7.0,5.0,1.0,1.0,30.0,5.0,10.0,0.0,4.6061696863211745
142,2.0,2.0,4.0,4.0,5.0,3.0,52.0,3.0,10.0,0.0,0.7419373447293773
143,0.0,6.0,5.0,3.0,6.0,1.0,62.0,4.0,10.0,0.0,-2.3025850929940455
144,50.0,7.0,6.0,3.0,4.0,0.0,67.0,3.0,10.0,0.0,3.914021008090819
145,15.0,4.0,6.0,3.0,4.0,4.0,37.0,6.0,10.0,0.0,2.714694743820879
146,3.0,4.0,3.0,5.0,7.0,0.0,37.0,4.0,10.0,0.0,1.1314021114911006
147,720.0,5.0,1.0,5.0,6.0,1.0,64.0,6.0,10.0,0.0,6.5793900912548215
148,640.0,7.0,1.0,1.0,5.0,0.0,34.0,3.0,10.0,0.0,6.461624414147958
149,5.0,7.0,4.0,4.0,7.0,0.0,70.0,3.0,10.0,0.0,1.62924053973028
150,24.0,2.0,6.0,2.0,6.0,6.0,31.0,5.0,10.0,1.0,3.1822118404966093
151,22.0,7.0,2.0,2.0,6.0,0.0,29.0,6.0,11.0,0.0,3.095577608523707
152,55.0,7.0,4.0,5.0,4.0,1.0,71.0,2.0,11.0,0.0,4.009149716158869
153,0.0,2.0,4.0,4.0,4.0,0.0,67.0,1.0,11.0,0.0,-2.3025850929940455
154,1600.0,5.0,4.0,4.0,6.0,0.0,41.0,7.0,11.0,0.0,7.377821406274829
155,170.0,6.0,1.0,2.0,6.0,0.0,49.0,6.0,11.0,0.0,5.136386499401816
156,1000.0,7.0,4.0,4.0,5.0,0.0,42.0,5.0,11.0,0.0,6.90785527398247
157,63.0,0.0,6.0,3.0,2.0,0.0,78.0,2.0,11.0,0.0,4.144720769547168
158,110.0,0.0,4.0,1.0,6.0,1.0,24.0,3.0,11.0,0.0,4.701389043728634
159,16.0,7.0,4.0,6.0,6.0,1.0,29.0,3.0,11.0,0.0,2.7788192719904172
160,100.0,3.0,4.0,2.0,6.0,5.0,39.0,5.0,11.0,1.0,4.6061696863211745
161,7300.0,3.0,5.0,3.0,6.0,1.0,19.0,4.0,11.0,0.0,8.895643325672793
162,22.0,2.0,4.0,2.0,7.0,1.0,32.0,5.0,11.0,0.0,3.095577608523707
163,71.0,3.0,4.0,2.0,6.0,5.0,69.0,3.0,11.0,1.0,4.264087336809195
164,900.0,4.0,5.0,2.0,5.0,5.0,83.0,3.0,11.0,1.0,6.802505868263039
165,35.0,7.0,4.0,1.0,5.0,4.0,76.0,2.0,11.0,1.0,3.55820113047182
166,2.0,7.0,7.0,1.0,2.0,0.0,62.0,2.0,11.0,0.0,0.7419373447293773
167,83.0,2.0,3.0,3.0,6.0,0.0,47.0,7.0,11.0,0.0,4.420044701861403
168,370.0,5.0,6.0,7.0,4.0,0.0,35.0,3.0,11.0,0.0,5.9137732393921105
169,12.0,0.0,4.0,5.0,3.0,4.0,23.0,3.0,11.0,0.0,2.4932054526026954
170,370.0,7.0,4.0,4.0,1.0,1.0,79.0,4.0,11.0,0.0,5.9137732393921105
171,100.0,7.0,6.0,2.0,6.0,5.0,64.0,5.0,11.0,1.0,4.6061696863211745
172,470.0,7.0,6.0,2.0,4.0,5.0,70.0,4.0,11.0,1.0,6.152945438030085
173,22.0,7.0,6.0,1.0,6.0,6.0,87.0,5.0,11.0,1.0,3.095577608523707
174,2800.0,0.0,3.0,6.0,1.0,0.0,28.0,2.0,12.0,0.0,7.937410409811269
175,47.0,5.0,3.0,5.0,7.0,1.0,58.0,3.0,12.0,0.0,3.8522730010223722
176,900.0,5.0,4.0,4.0,6.0,1.0,85.0,2.0,12.0,0.0,6.802505868263039
177,330.0,7.0,3.0,6.0,4.0,0.0,62.0,3.0,12.0,0.0,5.799395638859147
178,84.0,0.0,3.0,2.0,7.0,1.0,26.0,6.0,12.0,0.0,4.432006566978902
179,0.0,0.0,6.0,2.0,5.0,5.0,28.0,3.0,12.0,1.0,-2.3025850929940455
180,33.0,3.0,6.0,1.0,7.0,6.0,88.0,2.0,12.0,1.0,3.4995332823830174
181,53.0,7.0,2.0,3.0,6.0,0.0,57.0,6.0,12.0,0.0,3.9721769282478934
182,8.0,7.0,2.0,2.0,6.0,0.0,78.0,3.0,12.0,0.0,2.0918640616783932
183,2.0,7.0,4.0,4.0,2.0,0.0,56.0,3.0,12.0,0.0,0.7419373447293773
184,0.0,0.0,4.0,6.0,3.0,3.0,46.0,5.0,12.0,0.0,-2.3025850929940455
185,0.0,2.0,4.0,4.0,3.0,5.0,20.0,3.0,12.0,1.0,-2.3025850929940455
186,0.0,0.0,5.0,6.0,4.0,1.0,24.0,4.0,12.0,0.0,-2.3025850929940455
187,0.0,7.0,5.0,2.0,6.0,2.0,72.0,4.0,12.0,0.0,-2.3025850929940455
188,15.0,7.0,2.0,4.0,7.0,1.0,51.0,4.0,12.0,0.0,2.714694743820879
189,900.0,0.0,6.0,2.0,5.0,6.0,34.0,6.0,12.0,1.0,6.802505868263039
190,30.0,2.0,4.0,2.0,6.0,1.0,21.0,4.0,12.0,0.0,3.40452517175483
191,0.0,7.0,4.0,4.0,6.0,2.0,74.0,7.0,12.0,0.0,-2.3025850929940455
192,170.0,3.0,4.0,4.0,6.0,1.0,48.0,1.0,12.0,0.0,5.136386499401816
193,900.0,2.0,3.0,3.0,7.0,5.0,28.0,3.0,12.0,0.0,6.802505868263039
194,0.0,6.0,7.0,1.0,7.0,5.0,38.0,2.0,12.0,1.0,-2.3025850929940455
195,1600.0,7.0,4.0,6.0,1.0,0.0,70.0,3.0,12.0,0.0,7.377821406274829
196,0.0,7.0,4.0,5.0,4.0,0.0,72.0,2.0,12.0,0.0,-2.3025850929940455
197,2800.0,0.0,4.0,5.0,6.0,0.0,41.0,3.0,12.0,0.0,7.937410409811269
198,110.0,5.0,3.0,4.0,5.0,1.0,50.0,7.0,12.0,0.0,4.701389043728634
199,1.0,7.0,6.0,2.0,5.0,5.0,73.0,3.0,12.0,1.0,0.09531017980432493
200,3.0,5.0,5.0,2.0,4.0,0.0,79.0,6.0,12.0,0.0,1.1314021114911006
201,0.0,4.0,5.0,1.0,4.0,5.0,76.0,2.0,12.0,1.0,-2.3025850929940455
202,22.0,0.0,5.0,3.0,5.0,5.0,62.0,5.0,12.0,1.0,3.095577608523707
203,63.0,3.0,6.0,2.0,6.0,6.0,30.0,6.0,12.0,1.0,4.144720769547168
204,290.0,0.0,6.0,3.0,6.0,5.0,35.0,4.0,12.0,1.0,5.670225691127358
205,2.0,7.0,1.0,2.0,7.0,1.0,66.0,4.0,12.0,0.0,0.7419373447293773
206,40.0,0.0,2.0,4.0,6.0,0.0,35.0,4.0,12.0,0.0,3.6913763343125234
207,67.0,0.0,6.0,1.0,5.0,6.0,57.0,6.0,12.0,1.0,4.206184043977636
208,0.0,5.0,4.0,5.0,4.0,5.0,37.0,5.0,12.0,1.0,-2.3025850929940455
209,470.0,7.0,5.0,5.0,2.0,1.0,61.0,3.0,13.0,0.0,6.152945438030085
210,0.0,7.0,6.0,2.0,6.0,6.0,56.0,3.0,13.0,1.0,-2.3025850929940455
211,4.0,6.0,3.0,4.0,5.0,1.0,53.0,3.0,13.0,0.0,1.410986973710262
212,20.0,0.0,4.0,5.0,3.0,2.0,24.0,6.0,13.0,1.0,3.0007198150650303
213,2800.0,7.0,4.0,1.0,6.0,5.0,74.0,3.0,13.0,1.0,7.937410409811269
214,0.0,0.0,4.0,4.0,3.0,1.0,36.0,3.0,13.0,0.0,-2.3025850929940455
215,1.0,0.0,6.0,2.0,4.0,5.0,30.0,5.0,13.0,1.0,0.09531017980432493
216,640.0,0.0,4.0,7.0,4.0,1.0,55.0,2.0,13.0,0.0,6.461624414147958
217,170.0,3.0,3.0,2.0,7.0,2.0,35.0,6.0,13.0,0.0,5.136386499401816
218,270.0,2.0,3.0,4.0,6.0,0.0,26.0,4.0,13.0,0.0,5.59879226079857
219,390.0,0.0,3.0,4.0,6.0,2.0,25.0,4.0,13.0,0.0,5.966403116512611
220,16.0,2.0,6.0,7.0,4.0,3.0,27.0,3.0,13.0,0.0,2.7788192719904172
221,11.0,7.0,4.0,1.0,6.0,5.0,66.0,3.0,13.0,1.0,2.4069451083182885
222,0.0,1.0,5.0,2.0,6.0,2.0,39.0,2.0,13.0,0.0,-2.3025850929940455
223,270.0,7.0,1.0,1.0,2.0,2.0,58.0,5.0,13.0,0.0,5.59879226079857
224,170.0,2.0,4.0,4.0,4.0,0.0,53.0,3.0,13.0,1.0,5.136386499401816
225,900.0,7.0,6.0,7.0,4.0,0.0,76.0,3.0,13.0,0.0,6.802505868263039
226,270.0,7.0,5.0,2.0,7.0,1.0,51.0,3.0,13.0,0.0,5.59879226079857
227,0.0,7.0,4.0,2.0,7.0,0.0,70.0,2.0,13.0,0.0,-2.3025850929940455
228,350.0,3.0,6.0,3.0,6.0,6.0,68.0,4.0,13.0,1.0,5.85821882796062
229,0.0,0.0,5.0,4.0,5.0,2.0,32.0,3.0,13.0,1.0,-2.3025850929940455
230,6.0,0.0,5.0,4.0,5.0,5.0,55.0,3.0,13.0,0.0,1.8082887711792655
231,290.0,7.0,2.0,2.0,6.0,0.0,52.0,4.0,13.0,0.0,5.670225691127358
232,630.0,7.0,6.0,4.0,6.0,4.0,73.0,2.0,13.0,1.0,6.44587853694801
233,900.0,0.0,5.0,4.0,7.0,0.0,42.0,2.0,13.0,0.0,6.802505868263039
234,31.0,2.0,4.0,4.0,3.0,4.0,23.0,5.0,13.0,1.0,3.4372078191851885
235,1600.0,5.0,2.0,3.0,6.0,0.0,30.0,7.0,14.0,0.0,7.377821406274829
236,71.0,7.0,2.0,2.0,7.0,0.0,68.0,4.0,14.0,0.0,4.264087336809195
237,200.0,7.0,5.0,2.0,3.0,2.0,68.0,3.0,14.0,0.0,5.2988172415896875
238,0.0,0.0,6.0,4.0,7.0,3.0,68.0,6.0,14.0,0.0,-2.3025850929940455
239,30.0,5.0,2.0,3.0,6.0,0.0,38.0,5.0,14.0,0.0,3.40452517175483
240,10.0,1.0,4.0,3.0,6.0,2.0,74.0,3.0,14.0,0.0,2.312535423847214
241,0.0,7.0,5.0,6.0,3.0,0.0,59.0,2.0,14.0,0.0,-2.3025850929940455
242,900.0,2.0,5.0,2.0,5.0,2.0,73.0,2.0,14.0,0.0,6.802505868263039
243,71.0,7.0,2.0,3.0,6.0,0.0,79.0,3.0,14.0,0.0,4.264087336809195
244,22.0,3.0,7.0,1.0,6.0,5.0,28.0,4.0,14.0,1.0,3.095577608523707
245,0.0,7.0,6.0,2.0,6.0,6.0,50.0,3.0,14.0,1.0,-2.3025850929940455
246,0.0,4.0,6.0,3.0,1.0,1.0,36.0,4.0,14.0,0.0,-2.3025850929940455
247,0.0,3.0,6.0,2.0,6.0,6.0,50.0,3.0,14.0,1.0,-2.3025850929940455
248,0.0,1.0,6.0,2.0,6.0,6.0,61.0,3.0,14.0,1.0,-2.3025850929940455
249,7300.0,3.0,2.0,2.0,6.0,0.0,37.0,4.0,14.0,0.0,8.895643325672793
250,83.0,0.0,3.0,4.0,7.0,0.0,29.0,6.0,14.0,0.0,4.420044701861403
251,93.0,7.0,2.0,3.0,7.0,0.0,39.0,4.0,14.0,0.0,4.533674184283021
252,0.0,7.0,4.0,5.0,4.0,2.0,83.0,6.0,14.0,1.0,-2.3025850929940455
253,51.0,7.0,6.0,1.0,5.0,4.0,68.0,6.0,14.0,1.0,3.933784497209659
254,31.0,2.0,6.0,1.0,5.0,6.0,25.0,4.0,14.0,1.0,3.4372078191851885
255,93.0,2.0,1.0,3.0,6.0,1.0,41.0,6.0,14.0,0.0,4.533674184283021
256,0.0,7.0,3.0,2.0,6.0,1.0,67.0,3.0,14.0,0.0,-2.3025850929940455
257,0.0,3.0,4.0,2.0,6.0,4.0,36.0,6.0,14.0,1.0,-2.3025850929940455
258,31.0,4.0,6.0,2.0,6.0,4.0,66.0,4.0,14.0,1.0,3.4372078191851885
259,900.0,1.0,3.0,2.0,7.0,1.0,55.0,4.0,14.0,0.0,6.802505868263039
260,0.0,4.0,3.0,2.0,6.0,2.0,42.0,5.0,14.0,0.0,-2.3025850929940455
261,2.0,7.0,6.0,3.0,5.0,5.0,42.0,3.0,14.0,1.0,0.7419373447293773
262,110.0,3.0,4.0,5.0,7.0,1.0,36.0,3.0,14.0,0.0,4.701389043728634
263,63.0,1.0,6.0,4.0,6.0,4.0,53.0,5.0,14.0,1.0,4.144720769547168
264,900.0,0.0,3.0,2.0,5.0,1.0,36.0,5.0,14.0,0.0,6.802505868263039
265,31.0,3.0,4.0,3.0,6.0,2.0,29.0,7.0,14.0,0.0,3.4372078191851885
266,510.0,1.0,4.0,4.0,6.0,0.0,31.0,3.0,14.0,0.0,6.234606784928881
267,270.0,2.0,3.0,4.0,6.0,1.0,43.0,6.0,14.0,0.0,5.59879226079857
268,9.0,3.0,3.0,4.0,7.0,1.0,33.0,6.0,14.0,0.0,2.2082744135228043
269,3.0,1.0,6.0,6.0,2.0,0.0,63.0,3.0,14.0,0.0,1.1314021114911006
270,29.0,1.0,5.0,2.0,4.0,2.0,25.0,5.0,14.0,0.0,3.370738174177447
271,45.0,2.0,3.0,2.0,6.0,0.0,72.0,4.0,14.0,0.0,3.8088822465086327
272,83.0,5.0,3.0,3.0,6.0,1.0,40.0,4.0,14.0,0.0,4.420044701861403
273,22.0,7.0,4.0,2.0,6.0,2.0,27.0,6.0,14.0,0.0,3.095577608523707
274,15.0,3.0,5.0,4.0,7.0,2.0,26.0,4.0,15.0,0.0,2.714694743820879
275,110.0,7.0,5.0,2.0,5.0,6.0,67.0,3.0,15.0,1.0,4.701389043728634
276,8.0,0.0,4.0,5.0,5.0,1.0,21.0,3.0,15.0,0.0,2.0918640616783932
277,11.0,5.0,6.0,2.0,6.0,6.0,27.0,7.0,15.0,1.0,2.4069451083182885
278,56.0,4.0,6.0,5.0,3.0,0.0,78.0,6.0,15.0,1.0,4.027135812528651
279,8.0,3.0,4.0,4.0,3.0,1.0,32.0,3.0,15.0,0.0,2.0918640616783932
280,100.0,5.0,4.0,2.0,6.0,1.0,68.0,4.0,15.0,0.0,4.6061696863211745
281,900.0,7.0,4.0,2.0,6.0,5.0,76.0,4.0,15.0,0.0,6.802505868263039
282,67.0,7.0,3.0,3.0,6.0,0.0,33.0,5.0,15.0,0.0,4.206184043977636
283,35.0,4.0,6.0,2.0,5.0,4.0,38.0,2.0,15.0,1.0,3.55820113047182
284,35.0,3.0,4.0,3.0,5.0,1.0,49.0,7.0,15.0,0.0,3.55820113047182
285,22.0,0.0,5.0,4.0,6.0,5.0,61.0,4.0,15.0,1.0,3.095577608523707
286,110.0,7.0,7.0,1.0,5.0,4.0,57.0,3.0,15.0,1.0,4.701389043728634
287,12.0,0.0,4.0,2.0,5.0,2.0,20.0,3.0,15.0,0.0,2.4932054526026954
288,7300.0,7.0,4.0,2.0,4.0,4.0,63.0,6.0,15.0,1.0,8.895643325672793
289,0.0,0.0,4.0,1.0,5.0,4.0,53.0,3.0,15.0,1.0,-2.3025850929940455
290,19.0,5.0,4.0,2.0,6.0,5.0,35.0,4.0,15.0,1.0,2.9496883350525844
291,470.0,3.0,4.0,4.0,7.0,0.0,39.0,3.0,15.0,0.0,6.152945438030085
292,4.0,3.0,3.0,5.0,3.0,4.0,48.0,3.0,15.0,1.0,1.410986973710262
293,640.0,4.0,6.0,2.0,5.0,4.0,62.0,3.0,15.0,1.0,6.461624414147958
294,640.0,2.0,4.0,2.0,3.0,1.0,30.0,5.0,15.0,0.0,6.461624414147958
295,200.0,7.0,7.0,1.0,4.0,6.0,26.0,6.0,15.0,1.0,5.2988172415896875
296,0.0,7.0,3.0,2.0,4.0,5.0,74.0,6.0,15.0,1.0,-2.3025850929940455
297,29.0,4.0,3.0,4.0,6.0,2.0,37.0,5.0,15.0,0.0,3.370738174177447
298,330.0,2.0,4.0,5.0,5.0,1.0,43.0,5.0,15.0,0.0,5.799395638859147
299,19.0,5.0,5.0,1.0,4.0,6.0,68.0,3.0,15.0,1.0,2.9496883350525844
300,1.0,7.0,5.0,3.0,4.0,5.0,73.0,5.0,15.0,1.0,0.09531017980432493
301,110.0,5.0,6.0,1.0,6.0,6.0,60.0,7.0,15.0,1.0,4.701389043728634
302,0.0,7.0,5.0,4.0,6.0,1.0,35.0,3.0,15.0,0.0,-2.3025850929940455
303,350.0,4.0,3.0,4.0,6.0,0.0,29.0,6.0,15.0,0.0,5.85821882796062
304,2.0,5.0,3.0,3.0,5.0,1.0,25.0,6.0,15.0,0.0,0.7419373447293773
305,0.0,7.0,2.0,2.0,6.0,0.0,25.0,7.0,15.0,0.0,-2.3025850929940455
306,7.0,4.0,2.0,4.0,5.0,0.0,70.0,6.0,15.0,0.0,1.9600947840472698
307,71.0,1.0,6.0,2.0,5.0,6.0,41.0,3.0,15.0,1.0,4.264087336809195
308,53.0,0.0,4.0,2.0,6.0,1.0,37.0,6.0,15.0,0.0,3.9721769282478934
309,0.0,0.0,6.0,1.0,6.0,6.0,39.0,5.0,15.0,1.0,-2.3025850929940455
310,2.0,6.0,3.0,4.0,6.0,0.0,35.0,4.0,15.0,0.0,0.7419373447293773
311,190.0,4.0,2.0,3.0,6.0,0.0,62.0,7.0,15.0,0.0,5.247550249494384
312,31.0,0.0,3.0,2.0,6.0,1.0,30.0,7.0,15.0,0.0,3.4372078191851885
313,16.0,7.0,4.0,2.0,6.0,0.0,74.0,4.0,15.0,0.0,2.7788192719904172
314,22.0,7.0,3.0,3.0,4.0,5.0,47.0,3.0,15.0,0.0,3.095577608523707
315,3.0,4.0,4.0,5.0,3.0,1.0,43.0,6.0,15.0,0.0,1.1314021114911006
316,0.0,6.0,5.0,3.0,6.0,5.0,64.0,2.0,15.0,1.0,-2.3025850929940455
317,0.0,7.0,4.0,3.0,5.0,2.0,75.0,4.0,15.0,1.0,-2.3025850929940455
318,67.0,3.0,4.0,4.0,7.0,1.0,27.0,6.0,15.0,0.0,4.206184043977636
319,40.0,7.0,4.0,4.0,6.0,0.0,21.0,3.0,15.0,0.0,3.6913763343125234
320,74.0,4.0,2.0,2.0,6.0,1.0,70.0,2.0,15.0,0.0,4.3054155323020415
321,3.0,6.0,5.0,2.0,6.0,5.0,67.0,3.0,15.0,1.0,1.1314021114911006
322,140.0,7.0,6.0,4.0,5.0,6.0,82.0,5.0,15.0,0.0,4.942356453342962
323,14.0,0.0,2.0,2.0,6.0,0.0,40.0,6.0,15.0,0.0,2.6461747973841225
324,110.0,0.0,5.0,3.0,6.0,5.0,26.0,4.0,15.0,1.0,4.701389043728634
325,35.0,3.0,4.0,3.0,5.0,1.0,29.0,6.0,15.0,0.0,3.55820113047182
326,0.0,1.0,4.0,5.0,6.0,2.0,28.0,6.0,15.0,0.0,-2.3025850929940455
327,310.0,7.0,6.0,4.0,3.0,5.0,65.0,3.0,15.0,0.0,5.736894826106403
328,900.0,2.0,6.0,5.0,3.0,1.0,25.0,3.0,15.0,0.0,6.802505868263039
329,0.0,7.0,3.0,2.0,7.0,1.0,65.0,2.0,15.0,0.0,-2.3025850929940455
330,11.0,4.0,6.0,2.0,6.0,5.0,38.0,5.0,15.0,1.0,2.4069451083182885
331,0.0,2.0,4.0,3.0,5.0,5.0,72.0,7.0,15.0,1.0,-2.3025850929940455
332,270.0,7.0,3.0,2.0,7.0,1.0,67.0,3.0,15.0,0.0,5.59879226079857
333,51.0,7.0,3.0,1.0,7.0,0.0,74.0,3.0,15.0,0.0,3.933784497209659
334,11.0,5.0,2.0,4.0,4.0,2.0,71.0,6.0,15.0,0.0,2.4069451083182885
335,2.0,0.0,4.0,6.0,4.0,0.0,47.0,3.0,15.0,0.0,0.7419373447293773
336,20.0,7.0,5.0,4.0,6.0,1.0,69.0,1.0,15.0,0.0,3.0007198150650303
337,31.0,3.0,3.0,3.0,6.0,1.0,29.0,6.0,15.0,0.0,3.4372078191851885
338,2.0,0.0,6.0,2.0,5.0,6.0,34.0,3.0,15.0,1.0,0.7419373447293773
339,5.0,3.0,4.0,3.0,6.0,0.0,43.0,4.0,15.0,0.0,1.62924053973028
340,22.0,7.0,2.0,1.0,7.0,0.0,30.0,3.0,15.0,0.0,3.095577608523707
341,0.0,7.0,5.0,5.0,4.0,0.0,76.0,2.0,15.0,0.0,-2.3025850929940455
342,27.0,0.0,2.0,4.0,6.0,1.0,26.0,5.0,16.0,0.0,3.299533727885655
343,7.0,7.0,4.0,3.0,6.0,2.0,76.0,5.0,16.0,0.0,1.9600947840472698
344,0.0,0.0,1.0,4.0,6.0,1.0,42.0,7.0,16.0,0.0,-2.3025850929940455
345,0.0,4.0,3.0,1.0,4.0,5.0,33.0,3.0,16.0,1.0,-2.3025850929940455
346,0.0,1.0,6.0,2.0,5.0,5.0,25.0,3.0,16.0,1.0,-2.3025850929940455
347,2800.0,0.0,2.0,2.0,7.0,0.0,51.0,4.0,16.0,0.0,7.937410409811269
348,0.0,4.0,4.0,2.0,5.0,4.0,57.0,3.0,16.0,1.0,-2.3025850929940455
349,22.0,1.0,6.0,1.0,5.0,6.0,21.0,4.0,16.0,1.0,3.095577608523707
350,9.0,7.0,5.0,1.0,4.0,5.0,79.0,7.0,16.0,1.0,2.2082744135228043
351,0.0,1.0,6.0,2.0,5.0,5.0,35.0,5.0,16.0,1.0,-2.3025850929940455
352,9.0,5.0,4.0,2.0,5.0,4.0,57.0,6.0,16.0,1.0,2.2082744135228043
353,0.0,1.0,4.0,4.0,6.0,5.0,32.0,6.0,16.0,0.0,-2.3025850929940455
354,37.0,5.0,4.0,5.0,5.0,2.0,51.0,6.0,16.0,0.0,3.6136169696133895
355,23.0,0.0,5.0,2.0,4.0,6.0,62.0,7.0,16.0,1.0,3.139832617527748
356,0.0,4.0,5.0,1.0,6.0,5.0,48.0,4.0,16.0,1.0,-2.3025850929940455
357,0.0,7.0,7.0,1.0,6.0,6.0,39.0,3.0,16.0,1.0,-2.3025850929940455
358,0.0,5.0,3.0,2.0,6.0,5.0,26.0,6.0,16.0,1.0,-2.3025850929940455
359,40.0,0.0,4.0,2.0,4.0,1.0,38.0,3.0,16.0,1.0,3.6913763343125234
360,0.0,5.0,3.0,3.0,4.0,0.0,50.0,4.0,16.0,0.0,-2.3025850929940455
361,9.0,2.0,5.0,5.0,6.0,4.0,33.0,3.0,16.0,1.0,2.2082744135228043
362,15.0,5.0,4.0,3.0,6.0,2.0,36.0,3.0,16.0,0.0,2.714694743820879
363,640.0,5.0,4.0,4.0,6.0,0.0,24.0,6.0,16.0,0.0,6.461624414147958
364,0.0,4.0,3.0,2.0,6.0,0.0,25.0,5.0,16.0,0.0,-2.3025850929940455
365,0.0,7.0,6.0,5.0,3.0,0.0,62.0,3.0,16.0,0.0,-2.3025850929940455
366,0.0,2.0,4.0,3.0,3.0,6.0,33.0,3.0,16.0,1.0,-2.3025850929940455
367,0.0,7.0,6.0,2.0,5.0,6.0,53.0,6.0,16.0,1.0,-2.3025850929940455
368,22.0,7.0,6.0,2.0,5.0,6.0,68.0,6.0,16.0,1.0,3.095577608523707
369,22.0,7.0,5.0,4.0,6.0,1.0,68.0,3.0,16.0,0.0,3.095577608523707
370,10.0,1.0,6.0,1.0,5.0,5.0,38.0,3.0,16.0,1.0,2.312535423847214
371,29.0,1.0,4.0,5.0,3.0,0.0,58.0,1.0,16.0,0.0,3.370738174177447
372,170.0,7.0,4.0,2.0,6.0,5.0,34.0,6.0,16.0,1.0,5.136386499401816
373,4.0,2.0,4.0,3.0,4.0,1.0,58.0,2.0,16.0,0.0,1.410986973710262
374,11.0,0.0,3.0,4.0,7.0,1.0,35.0,5.0,16.0,0.0,2.4069451083182885
375,31.0,3.0,7.0,2.0,6.0,6.0,42.0,6.0,16.0,1.0,3.4372078191851885
376,0.0,7.0,4.0,4.0,6.0,0.0,54.0,3.0,16.0,0.0,-2.3025850929940455
377,0.0,7.0,6.0,2.0,5.0,6.0,69.0,3.0,16.0,1.0,-2.3025850929940455
378,360.0,2.0,4.0,6.0,5.0,0.0,35.0,4.0,16.0,0.0,5.88638177065483
379,0.0,7.0,6.0,1.0,5.0,6.0,66.0,4.0,16.0,1.0,-2.3025850929940455
380,900.0,2.0,3.0,2.0,7.0,0.0,58.0,3.0,16.0,0.0,6.802505868263039
381,51.0,5.0,2.0,4.0,7.0,1.0,41.0,3.0,16.0,0.0,3.933784497209659
382,0.0,2.0,5.0,2.0,6.0,4.0,35.0,6.0,16.0,0.0,-2.3025850929940455
383,110.0,0.0,3.0,3.0,6.0,1.0,40.0,7.0,16.0,0.0,4.701389043728634
384,1.0,7.0,4.0,7.0,2.0,0.0,53.0,1.0,16.0,0.0,0.09531017980432493
385,8.0,5.0,6.0,2.0,6.0,5.0,67.0,6.0,16.0,1.0,2.0918640616783932
386,5.0,5.0,4.0,4.0,6.0,0.0,32.0,5.0,16.0,0.0,1.62924053973028
387,87.0,4.0,3.0,4.0,6.0,0.0,41.0,4.0,16.0,0.0,4.467056883858457
388,3.0,1.0,2.0,1.0,6.0,1.0,43.0,7.0,16.0,0.0,1.1314021114911006
389,51.0,1.0,5.0,3.0,2.0,0.0,65.0,2.0,16.0,0.0,3.933784497209659
390,350.0,7.0,3.0,3.0,7.0,0.0,60.0,5.0,16.0,0.0,5.85821882796062
391,3.0,7.0,5.0,3.0,6.0,0.0,77.0,6.0,16.0,0.0,1.1314021114911006
392,630.0,0.0,6.0,5.0,4.0,1.0,35.0,4.0,16.0,0.0,6.44587853694801
393,180.0,4.0,6.0,7.0,5.0,1.0,48.0,4.0,16.0,0.0,5.19351225218191
394,0.0,0.0,6.0,2.0,6.0,6.0,52.0,3.0,16.0,1.0,-2.3025850929940455
395,35.0,7.0,5.0,3.0,6.0,2.0,43.0,7.0,16.0,0.0,3.55820113047182
396,0.0,7.0,6.0,2.0,6.0,6.0,43.0,5.0,16.0,1.0,-2.3025850929940455
397,0.0,7.0,6.0,2.0,6.0,6.0,67.0,4.0,16.0,1.0,-2.3025850929940455
398,6.0,1.0,4.0,4.0,7.0,0.0,56.0,3.0,16.0,0.0,1.8082887711792655
399,7300.0,2.0,3.0,3.0,4.0,0.0,62.0,4.0,16.0,0.0,8.895643325672793
400,2.0,1.0,7.0,7.0,5.0,0.0,62.0,3.0,16.0,0.0,0.7419373447293773
401,35.0,3.0,3.0,2.0,6.0,1.0,22.0,6.0,16.0,0.0,3.55820113047182
402,0.0,0.0,2.0,2.0,6.0,1.0,21.0,5.0,16.0,0.0,-2.3025850929940455
403,45.0,3.0,6.0,1.0,6.0,6.0,34.0,3.0,16.0,1.0,3.8088822465086327
404,0.0,7.0,4.0,3.0,5.0,0.0,70.0,3.0,16.0,0.0,-2.3025850929940455
405,5.0,1.0,3.0,2.0,6.0,2.0,50.0,3.0,16.0,0.0,1.62924053973028
406,35.0,5.0,6.0,1.0,6.0,6.0,42.0,4.0,16.0,1.0,3.55820113047182
407,900.0,5.0,6.0,2.0,6.0,6.0,73.0,3.0,16.0,1.0,6.802505868263039
408,35.0,2.0,3.0,1.0,6.0,0.0,57.0,7.0,16.0,0.0,3.55820113047182
409,0.0,7.0,6.0,1.0,5.0,6.0,40.0,6.0,16.0,1.0,-2.3025850929940455
410,0.0,2.0,6.0,1.0,6.0,6.0,58.0,6.0,16.0,1.0,-2.3025850929940455
411,11.0,7.0,4.0,6.0,2.0,1.0,62.0,3.0,16.0,0.0,2.4069451083182885
412,40.0,1.0,3.0,5.0,3.0,1.0,44.0,3.0,17.0,0.0,3.6913763343125234
413,0.0,3.0,5.0,3.0,7.0,6.0,30.0,6.0,17.0,0.0,-2.3025850929940455
414,23.0,7.0,3.0,3.0,7.0,0.0,76.0,5.0,17.0,0.0,3.139832617527748
415,270.0,3.0,4.0,3.0,3.0,1.0,50.0,4.0,17.0,0.0,5.59879226079857
416,9.0,1.0,6.0,2.0,5.0,5.0,41.0,4.0,17.0,1.0,2.2082744135228043
417,0.0,6.0,6.0,3.0,6.0,6.0,77.0,3.0,17.0,1.0,-2.3025850929940455
418,0.0,3.0,6.0,3.0,5.0,6.0,35.0,6.0,17.0,1.0,-2.3025850929940455
419,0.0,7.0,4.0,3.0,4.0,3.0,39.0,4.0,17.0,0.0,-2.3025850929940455
420,2.0,0.0,4.0,2.0,4.0,4.0,72.0,3.0,17.0,1.0,0.7419373447293773
421,0.0,2.0,6.0,2.0,5.0,6.0,42.0,7.0,17.0,1.0,-2.3025850929940455
422,16.0,7.0,5.0,2.0,6.0,5.0,85.0,2.0,17.0,1.0,2.7788192719904172
423,7300.0,0.0,4.0,2.0,6.0,3.0,79.0,4.0,17.0,0.0,8.895643325672793
424,0.0,5.0,2.0,3.0,6.0,0.0,39.0,4.0,17.0,0.0,-2.3025850929940455
425,23.0,4.0,6.0,1.0,5.0,6.0,58.0,6.0,17.0,1.0,3.139832617527748
426,42.0,0.0,4.0,2.0,6.0,5.0,27.0,6.0,17.0,1.0,3.7400477406883357
427,2.0,4.0,4.0,3.0,5.0,1.0,43.0,5.0,17.0,0.0,0.7419373447293773
428,0.0,0.0,3.0,3.0,6.0,0.0,58.0,4.0,17.0,0.0,-2.3025850929940455
429,42.0,7.0,4.0,3.0,6.0,4.0,28.0,7.0,17.0,1.0,3.7400477406883357
430,470.0,2.0,5.0,3.0,6.0,5.0,27.0,6.0,17.0,0.0,6.152945438030085
431,42.0,0.0,3.0,6.0,5.0,2.0,40.0,3.0,17.0,0.0,3.7400477406883357
432,0.0,5.0,1.0,3.0,6.0,0.0,43.0,6.0,17.0,0.0,-2.3025850929940455
433,40.0,7.0,5.0,4.0,6.0,5.0,64.0,3.0,17.0,1.0,3.6913763343125234
434,180.0,7.0,2.0,2.0,6.0,0.0,39.0,6.0,17.0,0.0,5.19351225218191
435,110.0,7.0,4.0,2.0,6.0,4.0,76.0,4.0,17.0,1.0,4.701389043728634
436,140.0,5.0,3.0,3.0,6.0,0.0,64.0,5.0,17.0,0.0,4.942356453342962
437,0.0,4.0,4.0,6.0,3.0,2.0,28.0,4.0,17.0,0.0,-2.3025850929940455
438,0.0,2.0,4.0,2.0,6.0,1.0,45.0,3.0,17.0,0.0,-2.3025850929940455
439,190.0,1.0,6.0,2.0,6.0,6.0,22.0,3.0,17.0,1.0,5.247550249494384
440,35.0,1.0,3.0,3.0,6.0,1.0,27.0,6.0,17.0,0.0,3.55820113047182
441,45.0,0.0,1.0,2.0,7.0,0.0,31.0,4.0,17.0,0.0,3.8088822465086327
442,170.0,1.0,2.0,2.0,7.0,0.0,34.0,6.0,17.0,0.0,5.136386499401816
443,0.0,4.0,2.0,3.0,7.0,0.0,30.0,4.0,17.0,0.0,-2.3025850929940455
444,0.0,2.0,6.0,1.0,6.0,6.0,64.0,3.0,17.0,1.0,-2.3025850929940455
445,35.0,0.0,6.0,1.0,6.0,4.0,36.0,6.0,17.0,1.0,3.55820113047182
446,5.0,7.0,4.0,3.0,5.0,4.0,31.0,2.0,17.0,1.0,1.62924053973028
447,350.0,1.0,4.0,3.0,4.0,5.0,37.0,3.0,17.0,1.0,5.85821882796062
448,4.0,0.0,6.0,4.0,2.0,1.0,48.0,3.0,17.0,0.0,1.410986973710262
449,70.0,0.0,5.0,7.0,7.0,3.0,41.0,3.0,17.0,0.0,4.249922794040544
450,8.0,2.0,5.0,2.0,6.0,5.0,25.0,4.0,17.0,1.0,2.0918640616783932
451,12.0,5.0,4.0,2.0,6.0,6.0,82.0,3.0,17.0,1.0,2.4932054526026954
452,5.0,1.0,6.0,2.0,5.0,4.0,36.0,7.0,17.0,1.0,1.62924053973028
453,0.0,7.0,6.0,2.0,5.0,1.0,47.0,3.0,17.0,1.0,-2.3025850929940455
454,16.0,6.0,2.0,3.0,6.0,0.0,67.0,4.0,17.0,0.0,2.7788192719904172
455,0.0,0.0,4.0,6.0,2.0,5.0,24.0,4.0,17.0,1.0,-2.3025850929940455
456,9.0,0.0,4.0,5.0,3.0,5.0,33.0,6.0,17.0,1.0,2.2082744135228043
457,14.0,7.0,4.0,1.0,5.0,1.0,59.0,4.0,17.0,1.0,2.6461747973841225
458,22.0,7.0,7.0,1.0,6.0,6.0,71.0,4.0,17.0,1.0,3.095577608523707
459,0.0,7.0,6.0,2.0,5.0,6.0,36.0,3.0,17.0,1.0,-2.3025850929940455
460,1.0,3.0,3.0,3.0,5.0,0.0,41.0,3.0,17.0,0.0,0.09531017980432493
461,1600.0,5.0,6.0,2.0,6.0,6.0,38.0,6.0,17.0,1.0,7.377821406274829
462,7300.0,1.0,6.0,3.0,6.0,6.0,32.0,3.0,17.0,1.0,8.895643325672793
463,19.0,0.0,5.0,6.0,7.0,1.0,32.0,4.0,17.0,0.0,2.9496883350525844
464,9.0,6.0,5.0,4.0,6.0,0.0,75.0,6.0,17.0,0.0,2.2082744135228043
465,0.0,7.0,5.0,2.0,4.0,4.0,52.0,3.0,17.0,1.0,-2.3025850929940455
466,1600.0,5.0,2.0,3.0,6.0,0.0,29.0,7.0,17.0,0.0,7.377821406274829
467,12.0,7.0,3.0,4.0,6.0,0.0,71.0,3.0,17.0,0.0,2.4932054526026954
468,1.0,0.0,6.0,2.0,5.0,2.0,33.0,6.0,17.0,0.0,0.09531017980432493
469,0.0,3.0,1.0,2.0,7.0,2.0,67.0,7.0,17.0,0.0,-2.3025850929940455
470,0.0,2.0,6.0,1.0,6.0,6.0,49.0,4.0,17.0,1.0,-2.3025850929940455
471,0.0,0.0,2.0,3.0,5.0,1.0,31.0,7.0,17.0,0.0,-2.3025850929940455
472,9.0,7.0,3.0,4.0,6.0,1.0,53.0,2.0,17.0,0.0,2.2082744135228043
473,0.0,3.0,2.0,3.0,7.0,0.0,35.0,7.0,17.0,0.0,-2.3025850929940455
474,170.0,7.0,6.0,2.0,6.0,6.0,49.0,7.0,18.0,1.0,5.136386499401816
475,3.0,7.0,6.0,4.0,4.0,0.0,74.0,3.0,18.0,0.0,1.1314021114911006
476,14.0,0.0,6.0,1.0,5.0,6.0,29.0,4.0,18.0,1.0,2.6461747973841225
477,1.0,5.0,2.0,3.0,6.0,0.0,27.0,6.0,18.0,0.0,0.09531017980432493
478,23.0,5.0,4.0,4.0,6.0,5.0,70.0,4.0,18.0,0.0,3.139832617527748
479,0.0,0.0,6.0,1.0,6.0,6.0,43.0,6.0,18.0,1.0,-2.3025850929940455
480,1.0,5.0,2.0,3.0,6.0,2.0,47.0,7.0,18.0,0.0,0.09531017980432493
481,0.0,4.0,4.0,4.0,6.0,0.0,42.0,7.0,18.0,0.0,-2.3025850929940455
482,9.0,0.0,6.0,2.0,5.0,6.0,41.0,6.0,18.0,1.0,2.2082744135228043
483,130.0,2.0,6.0,4.0,6.0,6.0,37.0,4.0,18.0,1.0,4.86830338551846
484,5.0,5.0,5.0,5.0,4.0,1.0,61.0,3.0,18.0,0.0,1.62924053973028
485,4.0,7.0,4.0,2.0,6.0,0.0,84.0,4.0,18.0,0.0,1.410986973710262
486,2800.0,7.0,5.0,3.0,7.0,0.0,46.0,6.0,18.0,0.0,7.937410409811269
487,4.0,0.0,4.0,3.0,6.0,5.0,39.0,7.0,18.0,0.0,1.410986973710262
488,6.0,7.0,2.0,3.0,6.0,0.0,53.0,3.0,18.0,0.0,1.8082887711792655
489,4.0,7.0,5.0,1.0,6.0,6.0,87.0,6.0,18.0,1.0,1.410986973710262
490,84.0,2.0,4.0,6.0,2.0,0.0,51.0,3.0,18.0,0.0,4.432006566978902
491,0.0,0.0,5.0,2.0,5.0,4.0,37.0,5.0,18.0,1.0,-2.3025850929940455
492,9.0,1.0,4.0,3.0,5.0,4.0,37.0,6.0,18.0,1.0,2.2082744135228043
493,290.0,0.0,5.0,2.0,6.0,6.0,40.0,6.0,18.0,1.0,5.670225691127358
494,0.0,3.0,4.0,4.0,6.0,2.0,46.0,6.0,18.0,0.0,-2.3025850929940455
495,9.0,7.0,1.0,4.0,1.0,3.0,44.0,3.0,18.0,1.0,2.2082744135228043
496,0.0,2.0,4.0,3.0,6.0,1.0,37.0,3.0,18.0,0.0,-2.3025850929940455
497,0.0,7.0,4.0,2.0,6.0,2.0,55.0,7.0,18.0,0.0,-2.3025850929940455
498,22.0,0.0,5.0,2.0,5.0,1.0,40.0,6.0,18.0,1.0,3.095577608523707
499,0.0,5.0,3.0,2.0,6.0,1.0,42.0,7.0,18.0,0.0,-2.3025850929940455
500,640.0,7.0,6.0,2.0,6.0,6.0,40.0,3.0,18.0,1.0,6.461624414147958
501,10.0,0.0,6.0,2.0,6.0,6.0,32.0,3.0,18.0,1.0,2.312535423847214
502,4.0,5.0,5.0,2.0,5.0,4.0,58.0,7.0,18.0,1.0,1.410986973710262
503,0.0,2.0,5.0,1.0,6.0,4.0,37.0,3.0,18.0,1.0,-2.3025850929940455
504,640.0,4.0,4.0,5.0,5.0,5.0,51.0,3.0,18.0,1.0,6.461624414147958
505,110.0,5.0,3.0,5.0,4.0,5.0,44.0,5.0,18.0,0.0,4.701389043728634
506,0.0,2.0,4.0,5.0,2.0,0.0,23.0,2.0,18.0,0.0,-2.3025850929940455
507,0.0,2.0,6.0,2.0,6.0,6.0,38.0,3.0,18.0,1.0,-2.3025850929940455
508,67.0,0.0,3.0,4.0,6.0,0.0,42.0,7.0,18.0,0.0,4.206184043977636
509,520.0,7.0,4.0,2.0,5.0,4.0,60.0,4.0,18.0,1.0,6.254021100779027
510,0.0,3.0,4.0,3.0,6.0,1.0,34.0,4.0,18.0,0.0,-2.3025850929940455
511,51.0,1.0,6.0,2.0,6.0,6.0,49.0,3.0,18.0,1.0,3.933784497209659
512,0.0,0.0,4.0,2.0,3.0,4.0,40.0,3.0,18.0,1.0,-2.3025850929940455
513,2800.0,7.0,2.0,2.0,7.0,0.0,23.0,4.0,18.0,0.0,7.937410409811269
514,110.0,2.0,2.0,3.0,6.0,0.0,47.0,3.0,18.0,0.0,4.701389043728634
515,7300.0,7.0,4.0,4.0,7.0,0.0,44.0,5.0,18.0,0.0,8.895643325672793
516,7300.0,5.0,5.0,2.0,6.0,1.0,37.0,7.0,18.0,1.0,8.895643325672793
517,0.0,2.0,6.0,1.0,6.0,5.0,26.0,5.0,18.0,1.0,-2.3025850929940455
518,16.0,7.0,7.0,6.0,5.0,2.0,51.0,4.0,18.0,0.0,2.7788192719904172
519,140.0,4.0,4.0,4.0,6.0,0.0,69.0,3.0,18.0,0.0,4.942356453342962
520,54.0,2.0,2.0,2.0,7.0,0.0,36.0,6.0,18.0,0.0,3.9908341858524357
521,2.0,2.0,2.0,3.0,6.0,2.0,28.0,4.0,18.0,0.0,0.7419373447293773
522,470.0,4.0,5.0,2.0,6.0,5.0,40.0,4.0,19.0,1.0,6.152945438030085
523,0.0,1.0,6.0,1.0,6.0,5.0,45.0,4.0,19.0,1.0,-2.3025850929940455
524,75.0,3.0,5.0,2.0,5.0,5.0,75.0,6.0,19.0,1.0,4.318820558770089
525,11.0,2.0,6.0,2.0,5.0,5.0,32.0,6.0,19.0,1.0,2.4069451083182885
526,0.0,0.0,3.0,2.0,6.0,1.0,27.0,3.0,19.0,0.0,-2.3025850929940455
527,2800.0,6.0,5.0,2.0,5.0,3.0,63.0,6.0,19.0,1.0,7.937410409811269
528,140.0,1.0,5.0,3.0,6.0,6.0,79.0,7.0,19.0,1.0,4.942356453342962
529,9.0,7.0,3.0,2.0,6.0,1.0,40.0,6.0,19.0,0.0,2.2082744135228043
530,7300.0,2.0,4.0,3.0,6.0,1.0,57.0,6.0,19.0,0.0,8.895643325672793
531,45.0,3.0,3.0,4.0,5.0,1.0,44.0,6.0,19.0,0.0,3.8088822465086327
532,1600.0,7.0,5.0,2.0,5.0,6.0,78.0,6.0,19.0,1.0,7.377821406274829
533,9.0,7.0,4.0,5.0,5.0,5.0,58.0,7.0,19.0,0.0,2.2082744135228043
534,0.0,7.0,2.0,2.0,7.0,1.0,55.0,3.0,19.0,0.0,-2.3025850929940455
535,130.0,4.0,3.0,4.0,6.0,2.0,25.0,6.0,19.0,0.0,4.86830338551846
536,9.0,0.0,2.0,3.0,6.0,0.0,27.0,7.0,19.0,0.0,2.2082744135228043
537,3500.0,3.0,4.0,2.0,7.0,2.0,21.0,3.0,19.0,0.0,8.16054681849792
538,0.0,3.0,6.0,2.0,6.0,5.0,37.0,4.0,19.0,1.0,-2.3025850929940455
539,0.0,0.0,7.0,3.0,4.0,5.0,31.0,3.0,19.0,1.0,-2.3025850929940455
540,35.0,7.0,2.0,4.0,6.0,0.0,85.0,7.0,19.0,0.0,3.55820113047182
541,900.0,1.0,4.0,2.0,6.0,5.0,33.0,3.0,19.0,0.0,6.802505868263039
542,27.0,7.0,3.0,7.0,4.0,3.0,63.0,2.0,19.0,1.0,3.299533727885655
543,900.0,7.0,4.0,4.0,6.0,1.0,51.0,3.0,19.0,0.0,6.802505868263039
544,0.0,2.0,3.0,5.0,2.0,0.0,46.0,3.0,19.0,0.0,-2.3025850929940455
545,64.0,2.0,5.0,2.0,6.0,6.0,26.0,5.0,19.0,1.0,4.160444363926624
546,4.0,7.0,3.0,3.0,6.0,0.0,57.0,6.0,19.0,0.0,1.410986973710262
547,0.0,3.0,4.0,2.0,6.0,1.0,48.0,3.0,19.0,1.0,-2.3025850929940455
548,0.0,2.0,7.0,1.0,5.0,5.0,55.0,3.0,19.0,1.0,-2.3025850929940455
549,53.0,0.0,3.0,6.0,4.0,1.0,37.0,5.0,19.0,0.0,3.9721769282478934
550,290.0,2.0,6.0,2.0,6.0,6.0,39.0,3.0,19.0,1.0,5.670225691127358
551,15.0,2.0,2.0,3.0,4.0,1.0,24.0,3.0,19.0,1.0,2.714694743820879
552,0.0,0.0,6.0,3.0,6.0,6.0,30.0,6.0,19.0,1.0,-2.3025850929940455
553,35.0,0.0,3.0,4.0,6.0,1.0,36.0,7.0,19.0,0.0,3.55820113047182
554,0.0,0.0,5.0,4.0,6.0,4.0,45.0,3.0,19.0,0.0,-2.3025850929940455
555,470.0,1.0,5.0,2.0,6.0,2.0,29.0,3.0,19.0,0.0,6.152945438030085
556,16.0,7.0,6.0,3.0,6.0,5.0,41.0,4.0,19.0,1.0,2.7788192719904172
557,40.0,1.0,5.0,3.0,5.0,4.0,28.0,5.0,19.0,1.0,3.6913763343125234
558,290.0,7.0,2.0,2.0,7.0,0.0,35.0,4.0,19.0,0.0,5.670225691127358
559,4.0,7.0,2.0,3.0,6.0,0.0,46.0,4.0,19.0,0.0,1.410986973710262
560,1.0,7.0,1.0,2.0,7.0,1.0,55.0,4.0,19.0,0.0,0.09531017980432493
561,140.0,3.0,2.0,3.0,6.0,6.0,65.0,4.0,19.0,0.0,4.942356453342962
562,110.0,1.0,4.0,2.0,6.0,1.0,22.0,4.0,19.0,0.0,4.701389043728634
563,0.0,1.0,4.0,4.0,6.0,1.0,41.0,4.0,19.0,0.0,-2.3025850929940455
564,900.0,1.0,2.0,3.0,6.0,2.0,43.0,7.0,19.0,0.0,6.802505868263039
565,0.0,2.0,4.0,3.0,6.0,0.0,49.0,4.0,19.0,0.0,-2.3025850929940455
566,0.0,4.0,4.0,2.0,5.0,4.0,35.0,7.0,19.0,1.0,-2.3025850929940455
567,51.0,7.0,3.0,3.0,5.0,1.0,80.0,3.0,19.0,0.0,3.933784497209659
568,71.0,2.0,4.0,6.0,2.0,0.0,57.0,4.0,19.0,0.0,4.264087336809195
569,900.0,4.0,3.0,3.0,6.0,0.0,48.0,3.0,19.0,0.0,6.802505868263039
570,83.0,4.0,1.0,4.0,6.0,2.0,43.0,6.0,19.0,0.0,4.420044701861403
571,360.0,3.0,4.0,4.0,7.0,0.0,34.0,4.0,19.0,0.0,5.88638177065483
572,180.0,7.0,2.0,2.0,4.0,0.0,44.0,5.0,19.0,0.0,5.19351225218191
573,1.0,3.0,6.0,1.0,6.0,4.0,49.0,6.0,20.0,1.0,0.09531017980432493
574,22.0,7.0,5.0,2.0,7.0,2.0,43.0,7.0,20.0,0.0,3.095577608523707
575,1.0,0.0,4.0,3.0,5.0,6.0,39.0,4.0,20.0,1.0,0.09531017980432493
576,2.0,2.0,4.0,3.0,7.0,1.0,27.0,3.0,20.0,0.0,0.7419373447293773
577,34.0,4.0,6.0,2.0,6.0,6.0,30.0,6.0,20.0,1.0,3.529297384289471
578,33.0,2.0,6.0,2.0,6.0,4.0,33.0,6.0,20.0,1.0,3.4995332823830174
579,10.0,1.0,2.0,3.0,7.0,0.0,32.0,5.0,20.0,0.0,2.312535423847214
580,290.0,7.0,5.0,2.0,6.0,6.0,31.0,6.0,20.0,1.0,5.670225691127358
581,0.0,2.0,5.0,3.0,7.0,2.0,27.0,5.0,20.0,0.0,-2.3025850929940455
582,76.0,3.0,2.0,2.0,6.0,0.0,36.0,4.0,20.0,0.0,4.33204826486764
583,20.0,7.0,3.0,2.0,6.0,2.0,45.0,5.0,20.0,0.0,3.0007198150650303
584,0.0,5.0,4.0,6.0,5.0,2.0,51.0,3.0,20.0,0.0,-2.3025850929940455
585,0.0,0.0,6.0,2.0,3.0,5.0,36.0,4.0,20.0,1.0,-2.3025850929940455
586,0.0,7.0,6.0,4.0,6.0,4.0,47.0,7.0,20.0,1.0,-2.3025850929940455
587,470.0,4.0,4.0,4.0,6.0,1.0,42.0,6.0,20.0,0.0,6.152945438030085
588,9.0,6.0,6.0,1.0,5.0,6.0,70.0,6.0,20.0,1.0,2.2082744135228043
589,0.0,0.0,3.0,3.0,6.0,3.0,40.0,4.0,20.0,0.0,-2.3025850929940455
590,0.0,7.0,2.0,5.0,7.0,0.0,38.0,3.0,20.0,0.0,-2.3025850929940455
591,8.0,0.0,5.0,1.0,6.0,4.0,29.0,3.0,20.0,1.0,2.0918640616783932
592,1.0,0.0,4.0,2.0,5.0,6.0,58.0,3.0,20.0,1.0,0.09531017980432493
593,1.0,7.0,4.0,6.0,1.0,2.0,28.0,3.0,20.0,0.0,0.09531017980432493
594,7.0,1.0,6.0,3.0,6.0,5.0,30.0,4.0,20.0,1.0,1.9600947840472698
595,0.0,3.0,4.0,3.0,6.0,2.0,48.0,5.0,20.0,0.0,-2.3025850929940455
596,170.0,0.0,6.0,2.0,6.0,6.0,35.0,4.0,20.0,1.0,5.136386499401816
597,270.0,3.0,6.0,7.0,6.0,0.0,38.0,3.0,20.0,0.0,5.59879226079857
598,0.0,0.0,4.0,2.0,5.0,4.0,56.0,7.0,20.0,1.0,-2.3025850929940455
599,13.0,4.0,5.0,3.0,6.0,5.0,62.0,4.0,20.0,1.0,2.5726122302071057
600,10.0,7.0,6.0,1.0,6.0,5.0,56.0,4.0,20.0,1.0,2.312535423847214
601,22.0,0.0,6.0,2.0,5.0,6.0,32.0,3.0,20.0,1.0,3.095577608523707
602,640.0,5.0,4.0,5.0,7.0,1.0,50.0,5.0,20.0,0.0,6.461624414147958
603,900.0,3.0,3.0,4.0,6.0,1.0,45.0,6.0,20.0,0.0,6.802505868263039
604,22.0,7.0,3.0,3.0,4.0,0.0,36.0,6.0,20.0,0.0,3.095577608523707
605,62.0,1.0,6.0,2.0,6.0,6.0,49.0,4.0,20.0,1.0,4.128745988939433
606,110.0,2.0,7.0,1.0,6.0,6.0,31.0,6.0,20.0,1.0,4.701389043728634
607,84.0,4.0,2.0,3.0,6.0,2.0,33.0,7.0,20.0,0.0,4.432006566978902
608,0.0,1.0,6.0,2.0,6.0,6.0,35.0,4.0,20.0,1.0,-2.3025850929940455
609,13.0,2.0,4.0,2.0,5.0,4.0,73.0,4.0,20.0,1.0,2.5726122302071057
610,20.0,7.0,6.0,1.0,5.0,6.0,54.0,5.0,20.0,1.0,3.0007198150650303
611,0.0,3.0,4.0,2.0,7.0,1.0,48.0,3.0,20.0,0.0,-2.3025850929940455
612,16.0,3.0,6.0,2.0,6.0,4.0,65.0,4.0,20.0,1.0,2.7788192719904172
613,6.0,7.0,5.0,6.0,5.0,6.0,46.0,4.0,20.0,0.0,1.8082887711792655
614,12.0,0.0,2.0,2.0,6.0,0.0,45.0,7.0,20.0,0.0,2.4932054526026954
615,0.0,7.0,6.0,2.0,5.0,6.0,65.0,7.0,20.0,1.0,-2.3025850929940455
616,0.0,0.0,6.0,2.0,6.0,6.0,45.0,6.0,20.0,1.0,-2.3025850929940455
617,170.0,7.0,4.0,1.0,5.0,4.0,89.0,7.0,20.0,1.0,5.136386499401816
618,100.0,0.0,5.0,3.0,6.0,4.0,32.0,4.0,20.0,0.0,4.6061696863211745
619,5.0,4.0,6.0,4.0,4.0,1.0,38.0,4.0,20.0,0.0,1.62924053973028
620,3500.0,5.0,2.0,4.0,2.0,5.0,33.0,4.0,20.0,1.0,8.16054681849792
621,71.0,4.0,6.0,2.0,5.0,6.0,49.0,7.0,20.0,1.0,4.264087336809195
622,4.0,7.0,5.0,2.0,6.0,5.0,64.0,6.0,20.0,1.0,1.410986973710262
623,7300.0,5.0,5.0,4.0,7.0,1.0,55.0,4.0,20.0,0.0,8.895643325672793
624,7.0,0.0,3.0,3.0,5.0,1.0,56.0,7.0,20.0,0.0,1.9600947840472698
625,290.0,4.0,4.0,5.0,3.0,5.0,30.0,6.0,20.0,0.0,5.670225691127358
626,0.0,0.0,5.0,4.0,6.0,5.0,41.0,7.0,20.0,1.0,-2.3025850929940455
627,0.0,1.0,6.0,2.0,5.0,6.0,39.0,5.0,20.0,1.0,-2.3025850929940455
628,520.0,7.0,4.0,4.0,6.0,4.0,34.0,3.0,20.0,0.0,6.254021100779027
629,430.0,5.0,4.0,5.0,7.0,1.0,53.0,3.0,20.0,0.0,6.064017739789691
630,9.0,2.0,3.0,3.0,6.0,2.0,40.0,6.0,20.0,0.0,2.2082744135228043
631,40.0,0.0,3.0,3.0,6.0,1.0,48.0,6.0,20.0,0.0,3.6913763343125234
632,2.0,7.0,6.0,5.0,5.0,5.0,59.0,4.0,20.0,0.0,0.7419373447293773
633,75.0,7.0,6.0,2.0,4.0,4.0,54.0,4.0,20.0,1.0,4.318820558770089
634,170.0,0.0,3.0,5.0,6.0,1.0,41.0,6.0,20.0,0.0,5.136386499401816
635,170.0,1.0,2.0,3.0,6.0,0.0,41.0,6.0,20.0,0.0,5.136386499401816
636,640.0,5.0,5.0,3.0,6.0,4.0,63.0,7.0,20.0,0.0,6.461624414147958
637,2800.0,1.0,7.0,1.0,6.0,4.0,39.0,3.0,20.0,1.0,7.937410409811269
638,9.0,3.0,7.0,2.0,5.0,4.0,46.0,3.0,20.0,0.0,2.2082744135228043
639,150.0,7.0,4.0,3.0,6.0,0.0,55.0,3.0,20.0,0.0,5.011301738639416
640,0.0,7.0,4.0,1.0,5.0,3.0,42.0,3.0,20.0,1.0,-2.3025850929940455
641,0.0,7.0,6.0,3.0,6.0,4.0,58.0,2.0,20.0,1.0,-2.3025850929940455
642,100.0,0.0,3.0,2.0,6.0,2.0,42.0,4.0,20.0,0.0,4.6061696863211745
643,33.0,7.0,4.0,3.0,4.0,2.0,40.0,6.0,20.0,1.0,3.4995332823830174
644,310.0,7.0,5.0,2.0,5.0,1.0,56.0,6.0,20.0,1.0,5.736894826106403
645,53.0,1.0,4.0,5.0,2.0,2.0,37.0,4.0,20.0,0.0,3.9721769282478934
646,13.0,2.0,3.0,2.0,6.0,2.0,37.0,6.0,20.0,0.0,2.5726122302071057
647,290.0,6.0,5.0,1.0,5.0,5.0,49.0,6.0,20.0,1.0,5.670225691127358
648,310.0,7.0,6.0,1.0,6.0,6.0,63.0,4.0,20.0,1.0,5.736894826106403
649,0.0,7.0,6.0,2.0,5.0,6.0,30.0,7.0,20.0,1.0,-2.3025850929940455
650,54.0,7.0,4.0,2.0,6.0,4.0,62.0,5.0,20.0,1.0,3.9908341858524357
651,1600.0,0.0,4.0,3.0,6.0,1.0,30.0,6.0,20.0,0.0,7.377821406274829
652,14.0,0.0,6.0,3.0,6.0,6.0,34.0,6.0,20.0,1.0,2.6461747973841225
653,25.0,7.0,6.0,3.0,6.0,5.0,41.0,4.0,20.0,1.0,3.2228678461377385
654,45.0,0.0,4.0,5.0,4.0,6.0,43.0,3.0,20.0,1.0,3.8088822465086327
655,20.0,2.0,5.0,2.0,6.0,4.0,33.0,5.0,20.0,0.0,3.0007198150650303
656,18.0,6.0,4.0,3.0,5.0,5.0,67.0,7.0,20.0,1.0,2.89591193827178
657,740.0,7.0,5.0,1.0,6.0,0.0,55.0,5.0,20.0,1.0,6.606785312203421
658,9.0,6.0,2.0,2.0,6.0,0.0,33.0,5.0,20.0,0.0,2.2082744135228043
659,5.0,0.0,6.0,1.0,5.0,5.0,61.0,4.0,20.0,1.0,1.62924053973028
660,7300.0,7.0,4.0,1.0,6.0,4.0,45.0,3.0,20.0,0.0,8.895643325672793
661,81.0,7.0,4.0,3.0,7.0,0.0,34.0,3.0,20.0,0.0,4.395682961121367
662,190.0,1.0,6.0,2.0,6.0,6.0,35.0,3.0,20.0,1.0,5.247550249494384
663,51.0,1.0,4.0,4.0,5.0,2.0,50.0,6.0,20.0,0.0,3.933784497209659
664,7300.0,7.0,3.0,4.0,2.0,0.0,38.0,4.0,20.0,0.0,8.895643325672793
665,350.0,0.0,6.0,2.0,6.0,5.0,56.0,3.0,20.0,1.0,5.85821882796062
666,27.0,2.0,4.0,1.0,6.0,5.0,31.0,3.0,20.0,1.0,3.299533727885655
667,33.0,5.0,6.0,1.0,4.0,5.0,40.0,7.0,20.0,1.0,3.4995332823830174
668,50.0,4.0,3.0,2.0,6.0,0.0,44.0,3.0,20.0,0.0,3.914021008090819
669,1.0,7.0,6.0,5.0,2.0,2.0,39.0,4.0,20.0,0.0,0.09531017980432493
670,11.0,1.0,4.0,3.0,6.0,1.0,45.0,3.0,20.0,0.0,2.4069451083182885
671,51.0,5.0,3.0,3.0,6.0,0.0,72.0,6.0,20.0,0.0,3.933784497209659
672,160.0,7.0,2.0,3.0,5.0,1.0,44.0,7.0,20.0,0.0,5.075798620002669
673,16.0,7.0,1.0,3.0,6.0,0.0,61.0,7.0,21.0,0.0,2.7788192719904172
674,110.0,6.0,6.0,2.0,6.0,6.0,34.0,7.0,21.0,1.0,4.701389043728634
675,110.0,4.0,5.0,2.0,5.0,5.0,61.0,6.0,21.0,1.0,4.701389043728634
676,13.0,6.0,3.0,3.0,7.0,1.0,67.0,4.0,21.0,0.0,2.5726122302071057
677,220.0,7.0,4.0,1.0,4.0,6.0,38.0,6.0,21.0,1.0,5.394081988532416
678,470.0,7.0,4.0,2.0,6.0,1.0,50.0,6.0,21.0,0.0,6.152945438030085
679,22.0,6.0,6.0,1.0,6.0,6.0,62.0,4.0,21.0,1.0,3.095577608523707
680,9.0,2.0,6.0,3.0,6.0,5.0,36.0,6.0,21.0,1.0,2.2082744135228043
681,22.0,3.0,6.0,3.0,5.0,4.0,50.0,6.0,21.0,1.0,3.095577608523707
682,190.0,2.0,4.0,2.0,7.0,1.0,30.0,6.0,21.0,0.0,5.247550249494384
683,100.0,5.0,6.0,2.0,6.0,6.0,59.0,5.0,21.0,1.0,4.6061696863211745
684,14.0,7.0,3.0,3.0,6.0,0.0,62.0,6.0,21.0,0.0,2.6461747973841225
685,0.0,7.0,4.0,3.0,6.0,3.0,40.0,4.0,21.0,0.0,-2.3025850929940455
686,180.0,1.0,6.0,1.0,6.0,6.0,30.0,4.0,21.0,1.0,5.19351225218191
687,3.0,6.0,3.0,2.0,6.0,2.0,47.0,3.0,21.0,0.0,1.1314021114911006
688,51.0,2.0,5.0,2.0,6.0,1.0,41.0,6.0,21.0,0.0,3.933784497209659
689,9.0,2.0,6.0,1.0,6.0,6.0,35.0,7.0,21.0,1.0,2.2082744135228043
690,0.0,7.0,5.0,2.0,6.0,6.0,45.0,4.0,21.0,1.0,-2.3025850929940455
691,0.0,2.0,4.0,2.0,6.0,4.0,34.0,6.0,21.0,1.0,-2.3025850929940455
692,71.0,2.0,5.0,7.0,2.0,2.0,55.0,3.0,21.0,0.0,4.264087336809195
693,290.0,1.0,5.0,3.0,6.0,2.0,37.0,4.0,21.0,0.0,5.670225691127358
694,45.0,3.0,5.0,2.0,4.0,4.0,61.0,7.0,21.0,1.0,3.8088822465086327
695,0.0,3.0,4.0,5.0,4.0,1.0,62.0,2.0,21.0,0.0,-2.3025850929940455
696,26.0,1.0,5.0,2.0,6.0,6.0,54.0,6.0,21.0,1.0,3.261935314328648
697,87.0,3.0,2.0,3.0,6.0,1.0,33.0,6.0,21.0,0.0,4.467056883858457
698,0.0,0.0,2.0,3.0,6.0,1.0,50.0,6.0,21.0,0.0,-2.3025850929940455
699,630.0,0.0,3.0,4.0,7.0,2.0,37.0,3.0,21.0,0.0,6.44587853694801
700,50.0,5.0,5.0,3.0,6.0,3.0,44.0,3.0,21.0,1.0,3.914021008090819
701,35.0,7.0,4.0,3.0,4.0,3.0,78.0,3.0,21.0,0.0,3.55820113047182
702,180.0,7.0,6.0,2.0,4.0,6.0,56.0,3.0,21.0,0.0,5.19351225218191
703,32.0,0.0,2.0,3.0,4.0,2.0,29.0,6.0,21.0,0.0,3.4688560301359703
704,0.0,7.0,3.0,2.0,5.0,4.0,52.0,6.0,21.0,0.0,-2.3025850929940455
705,51.0,1.0,6.0,4.0,5.0,1.0,31.0,3.0,21.0,0.0,3.933784497209659
706,40.0,0.0,6.0,3.0,6.0,6.0,34.0,7.0,21.0,1.0,3.6913763343125234
707,0.0,2.0,5.0,3.0,6.0,5.0,31.0,7.0,21.0,1.0,-2.3025850929940455
708,0.0,7.0,4.0,3.0,5.0,2.0,43.0,6.0,21.0,0.0,-2.3025850929940455
709,0.0,1.0,4.0,4.0,3.0,5.0,31.0,3.0,21.0,1.0,-2.3025850929940455
710,1.0,6.0,6.0,1.0,6.0,6.0,63.0,7.0,21.0,1.0,0.09531017980432493
711,7.0,2.0,2.0,3.0,7.0,4.0,38.0,4.0,21.0,0.0,1.9600947840472698
712,0.0,2.0,6.0,2.0,6.0,6.0,31.0,5.0,21.0,1.0,-2.3025850929940455
713,71.0,2.0,2.0,1.0,7.0,0.0,64.0,3.0,21.0,0.0,4.264087336809195
714,75.0,2.0,3.0,2.0,5.0,5.0,55.0,7.0,21.0,0.0,4.318820558770089
715,55.0,1.0,2.0,2.0,6.0,0.0,41.0,3.0,21.0,0.0,4.009149716158869
716,290.0,4.0,3.0,4.0,5.0,5.0,38.0,4.0,21.0,1.0,5.670225691127358
717,88.0,4.0,6.0,3.0,6.0,5.0,28.0,6.0,21.0,1.0,4.478472532942134
718,0.0,7.0,4.0,3.0,5.0,5.0,42.0,5.0,21.0,1.0,-2.3025850929940455
719,16.0,7.0,2.0,4.0,3.0,1.0,43.0,4.0,21.0,0.0,2.7788192719904172
720,75.0,1.0,5.0,1.0,6.0,5.0,37.0,4.0,21.0,1.0,4.318820558770089
721,220.0,1.0,4.0,2.0,6.0,3.0,47.0,5.0,21.0,0.0,5.394081988532416
722,3.0,5.0,5.0,1.0,6.0,5.0,52.0,7.0,21.0,1.0,1.1314021114911006
723,130.0,0.0,5.0,2.0,6.0,5.0,32.0,4.0,21.0,1.0,4.86830338551846
724,0.0,5.0,4.0,4.0,3.0,2.0,29.0,3.0,21.0,0.0,-2.3025850929940455
725,110.0,2.0,6.0,2.0,5.0,4.0,56.0,3.0,21.0,1.0,4.701389043728634
726,12.0,7.0,4.0,3.0,5.0,5.0,63.0,7.0,21.0,1.0,2.4932054526026954
727,180.0,3.0,3.0,3.0,6.0,1.0,35.0,5.0,21.0,0.0,5.19351225218191
728,93.0,7.0,4.0,3.0,5.0,3.0,36.0,4.0,21.0,1.0,4.533674184283021
729,170.0,7.0,4.0,2.0,7.0,0.0,75.0,5.0,21.0,0.0,5.136386499401816
730,31.0,5.0,3.0,3.0,6.0,1.0,48.0,6.0,21.0,0.0,3.4372078191851885
731,62.0,4.0,7.0,2.0,6.0,6.0,36.0,5.0,21.0,1.0,4.128745988939433
732,30.0,4.0,4.0,3.0,6.0,2.0,34.0,6.0,21.0,0.0,3.40452517175483
733,66.0,7.0,4.0,3.0,7.0,1.0,35.0,5.0,21.0,0.0,4.191168746857641
734,3.0,3.0,5.0,2.0,5.0,6.0,50.0,4.0,21.0,1.0,1.1314021114911006
735,18.0,3.0,5.0,2.0,5.0,6.0,39.0,7.0,21.0,1.0,2.89591193827178
736,350.0,5.0,5.0,4.0,6.0,5.0,70.0,7.0,21.0,1.0,5.85821882796062
737,71.0,7.0,4.0,2.0,5.0,6.0,76.0,3.0,21.0,1.0,4.264087336809195
738,3500.0,5.0,5.0,2.0,5.0,5.0,35.0,6.0,21.0,1.0,8.16054681849792
739,0.0,0.0,3.0,4.0,3.0,3.0,53.0,7.0,21.0,1.0,-2.3025850929940455
740,360.0,6.0,5.0,2.0,6.0,4.0,46.0,6.0,21.0,1.0,5.88638177065483
741,81.0,2.0,5.0,2.0,5.0,4.0,34.0,4.0,21.0,1.0,4.395682961121367
742,350.0,5.0,4.0,4.0,6.0,5.0,69.0,4.0,21.0,0.0,5.85821882796062
743,190.0,1.0,5.0,2.0,5.0,1.0,32.0,3.0,21.0,0.0,5.247550249494384
744,0.0,7.0,5.0,1.0,6.0,6.0,50.0,2.0,21.0,1.0,-2.3025850929940455
745,290.0,1.0,5.0,3.0,6.0,6.0,35.0,6.0,21.0,1.0,5.670225691127358
746,18.0,0.0,6.0,1.0,6.0,6.0,67.0,5.0,21.0,1.0,2.89591193827178
747,11.0,3.0,5.0,5.0,6.0,5.0,47.0,3.0,21.0,0.0,2.4069451083182885
748,2.0,2.0,6.0,3.0,5.0,4.0,50.0,6.0,21.0,1.0,0.7419373447293773
749,570.0,0.0,6.0,2.0,6.0,4.0,32.0,3.0,21.0,1.0,6.3458117840375365
750,310.0,3.0,5.0,4.0,6.0,2.0,58.0,5.0,21.0,0.0,5.736894826106403
751,1.0,7.0,3.0,2.0,7.0,0.0,49.0,7.0,21.0,0.0,0.09531017980432493
752,0.0,2.0,6.0,3.0,6.0,1.0,43.0,4.0,21.0,1.0,-2.3025850929940455
753,35.0,1.0,5.0,2.0,6.0,5.0,24.0,6.0,21.0,1.0,3.55820113047182
754,22.0,7.0,5.0,3.0,4.0,2.0,58.0,7.0,21.0,0.0,3.095577608523707
755,2.0,1.0,2.0,2.0,5.0,0.0,43.0,4.0,21.0,0.0,0.7419373447293773
756,0.0,7.0,4.0,3.0,6.0,5.0,59.0,3.0,21.0,1.0,-2.3025850929940455
757,0.0,3.0,6.0,1.0,6.0,6.0,40.0,5.0,21.0,1.0,-2.3025850929940455
758,310.0,0.0,5.0,2.0,7.0,0.0,35.0,4.0,21.0,0.0,5.736894826106403
759,470.0,5.0,2.0,3.0,5.0,1.0,48.0,4.0,21.0,0.0,6.152945438030085
760,0.0,4.0,6.0,1.0,6.0,6.0,40.0,3.0,21.0,1.0,-2.3025850929940455
761,270.0,3.0,3.0,2.0,7.0,0.0,48.0,3.0,21.0,0.0,5.59879226079857
762,110.0,0.0,2.0,4.0,6.0,0.0,47.0,7.0,21.0,0.0,4.701389043728634
763,50.0,3.0,6.0,4.0,1.0,1.0,23.0,3.0,21.0,0.0,3.914021008090819
764,0.0,0.0,6.0,1.0,6.0,6.0,38.0,3.0,21.0,1.0,-2.3025850929940455
765,3.0,7.0,6.0,2.0,6.0,6.0,81.0,7.0,21.0,1.0,1.1314021114911006
766,31.0,5.0,3.0,3.0,6.0,1.0,48.0,6.0,21.0,0.0,3.4372078191851885
767,22.0,7.0,5.0,6.0,2.0,4.0,52.0,3.0,21.0,0.0,3.095577608523707
768,83.0,2.0,4.0,1.0,6.0,3.0,24.0,6.0,21.0,1.0,4.420044701861403
769,9.0,0.0,4.0,2.0,6.0,1.0,21.0,5.0,21.0,0.0,2.2082744135228043
770,5.0,7.0,5.0,2.0,6.0,5.0,70.0,6.0,21.0,1.0,1.62924053973028
771,0.0,7.0,7.0,1.0,7.0,6.0,24.0,6.0,21.0,1.0,-2.3025850929940455
772,0.0,7.0,4.0,3.0,5.0,1.0,57.0,7.0,21.0,0.0,-2.3025850929940455
773,0.0,6.0,3.0,5.0,6.0,4.0,37.0,6.0,21.0,0.0,-2.3025850929940455
774,27.0,1.0,3.0,5.0,3.0,5.0,25.0,5.0,21.0,0.0,3.299533727885655
775,110.0,1.0,6.0,5.0,1.0,1.0,33.0,3.0,21.0,0.0,4.701389043728634
776,0.0,7.0,4.0,6.0,3.0,0.0,45.0,3.0,22.0,0.0,-2.3025850929940455
777,0.0,3.0,5.0,2.0,7.0,5.0,42.0,6.0,22.0,0.0,-2.3025850929940455
778,350.0,3.0,3.0,3.0,6.0,2.0,47.0,6.0,22.0,0.0,5.85821882796062
779,0.0,7.0,6.0,1.0,6.0,6.0,51.0,7.0,22.0,1.0,-2.3025850929940455
780,5.0,7.0,5.0,4.0,6.0,5.0,85.0,2.0,22.0,0.0,1.62924053973028
781,15.0,4.0,3.0,3.0,6.0,2.0,32.0,7.0,22.0,0.0,2.714694743820879
782,35.0,7.0,3.0,3.0,6.0,2.0,31.0,7.0,22.0,0.0,3.55820113047182
783,0.0,2.0,4.0,3.0,6.0,2.0,23.0,6.0,22.0,0.0,-2.3025850929940455
784,75.0,3.0,3.0,3.0,6.0,0.0,42.0,6.0,22.0,0.0,4.318820558770089
785,0.0,5.0,6.0,2.0,5.0,5.0,55.0,6.0,22.0,1.0,-2.3025850929940455
786,16.0,7.0,6.0,2.0,6.0,6.0,45.0,6.0,22.0,1.0,2.7788192719904172
787,0.0,1.0,6.0,2.0,5.0,6.0,35.0,7.0,22.0,1.0,-2.3025850929940455
788,0.0,0.0,2.0,4.0,6.0,0.0,45.0,6.0,22.0,0.0,-2.3025850929940455
789,0.0,0.0,3.0,3.0,5.0,2.0,42.0,3.0,22.0,0.0,-2.3025850929940455
790,4.0,1.0,6.0,2.0,6.0,5.0,37.0,4.0,22.0,1.0,1.410986973710262
791,62.0,0.0,4.0,4.0,4.0,5.0,38.0,3.0,22.0,1.0,4.128745988939433
792,0.0,3.0,2.0,2.0,6.0,1.0,47.0,7.0,22.0,0.0,-2.3025850929940455
793,4.0,7.0,4.0,2.0,6.0,2.0,32.0,6.0,22.0,0.0,1.410986973710262
794,56.0,2.0,5.0,2.0,6.0,5.0,35.0,6.0,22.0,1.0,4.027135812528651
795,2.0,6.0,4.0,2.0,6.0,5.0,38.0,4.0,22.0,1.0,0.7419373447293773
796,0.0,0.0,4.0,4.0,4.0,3.0,40.0,3.0,22.0,0.0,-2.3025850929940455
797,75.0,7.0,6.0,2.0,5.0,6.0,62.0,6.0,22.0,1.0,4.318820558770089
798,10.0,2.0,2.0,2.0,6.0,1.0,28.0,7.0,22.0,0.0,2.312535423847214
799,0.0,6.0,6.0,2.0,5.0,6.0,59.0,5.0,22.0,1.0,-2.3025850929940455
800,0.0,2.0,1.0,2.0,6.0,0.0,25.0,6.0,22.0,0.0,-2.3025850929940455
801,220.0,2.0,4.0,2.0,6.0,6.0,31.0,6.0,22.0,1.0,5.394081988532416
802,0.0,1.0,7.0,2.0,6.0,6.0,45.0,4.0,22.0,1.0,-2.3025850929940455
803,75.0,0.0,5.0,2.0,7.0,5.0,42.0,6.0,22.0,0.0,4.318820558770089
804,0.0,3.0,2.0,2.0,5.0,1.0,56.0,7.0,22.0,0.0,-2.3025850929940455
805,140.0,5.0,3.0,3.0,6.0,1.0,47.0,7.0,22.0,0.0,4.942356453342962
806,290.0,1.0,6.0,2.0,5.0,5.0,38.0,6.0,22.0,1.0,5.670225691127358
807,350.0,7.0,4.0,3.0,7.0,2.0,47.0,6.0,22.0,0.0,5.85821882796062
808,55.0,1.0,5.0,2.0,6.0,6.0,49.0,4.0,22.0,1.0,4.009149716158869
809,31.0,3.0,3.0,3.0,6.0,2.0,29.0,7.0,22.0,0.0,3.4372078191851885
810,17.0,7.0,2.0,2.0,6.0,0.0,57.0,6.0,22.0,0.0,2.8390784635086144
811,51.0,4.0,6.0,3.0,5.0,6.0,68.0,3.0,22.0,1.0,3.933784497209659
812,140.0,7.0,2.0,2.0,4.0,0.0,76.0,6.0,22.0,0.0,4.942356453342962
813,9.0,4.0,6.0,2.0,6.0,5.0,66.0,6.0,22.0,1.0,2.2082744135228043
814,0.0,7.0,5.0,1.0,6.0,4.0,59.0,4.0,22.0,1.0,-2.3025850929940455
815,640.0,7.0,5.0,3.0,6.0,4.0,37.0,7.0,22.0,0.0,6.461624414147958
816,32.0,2.0,5.0,2.0,6.0,6.0,38.0,6.0,22.0,1.0,3.4688560301359703
817,5.0,7.0,6.0,2.0,6.0,5.0,47.0,7.0,22.0,1.0,1.62924053973028
818,8.0,1.0,5.0,2.0,4.0,5.0,36.0,7.0,22.0,1.0,2.0918640616783932
819,18.0,0.0,5.0,4.0,6.0,0.0,45.0,7.0,22.0,0.0,2.89591193827178
820,0.0,6.0,5.0,2.0,6.0,5.0,39.0,7.0,22.0,1.0,-2.3025850929940455
821,0.0,1.0,3.0,2.0,6.0,1.0,34.0,6.0,22.0,0.0,-2.3025850929940455
822,0.0,3.0,6.0,6.0,4.0,0.0,49.0,4.0,22.0,0.0,-2.3025850929940455
823,31.0,2.0,6.0,2.0,6.0,5.0,36.0,6.0,22.0,1.0,3.4372078191851885
824,350.0,7.0,6.0,1.0,6.0,6.0,81.0,5.0,22.0,1.0,5.85821882796062
825,20.0,1.0,5.0,2.0,6.0,4.0,29.0,4.0,22.0,1.0,3.0007198150650303
826,70.0,3.0,5.0,3.0,4.0,0.0,45.0,6.0,22.0,0.0,4.249922794040544
827,31.0,3.0,5.0,2.0,6.0,5.0,21.0,4.0,22.0,1.0,3.4372078191851885
828,3.0,7.0,2.0,4.0,3.0,6.0,33.0,6.0,22.0,1.0,1.1314021114911006
829,9.0,7.0,4.0,4.0,2.0,2.0,44.0,3.0,23.0,0.0,2.2082744135228043
830,59.0,1.0,2.0,2.0,6.0,4.0,52.0,7.0,23.0,0.0,4.079230924412053
831,27.0,2.0,3.0,5.0,7.0,1.0,38.0,4.0,23.0,0.0,3.299533727885655
832,51.0,4.0,2.0,3.0,6.0,2.0,44.0,5.0,23.0,0.0,3.933784497209659
833,9.0,7.0,6.0,2.0,6.0,6.0,87.0,7.0,23.0,1.0,2.2082744135228043
834,0.0,2.0,7.0,2.0,6.0,5.0,22.0,3.0,23.0,1.0,-2.3025850929940455
835,88.0,0.0,3.0,3.0,5.0,2.0,32.0,6.0,23.0,1.0,4.478472532942134
836,67.0,0.0,4.0,5.0,6.0,4.0,69.0,3.0,23.0,0.0,4.206184043977636
837,29.0,2.0,6.0,2.0,5.0,6.0,49.0,6.0,23.0,1.0,3.370738174177447
838,5.0,0.0,6.0,2.0,6.0,6.0,53.0,3.0,23.0,1.0,1.62924053973028
839,0.0,0.0,6.0,1.0,6.0,5.0,44.0,6.0,23.0,1.0,-2.3025850929940455
840,900.0,1.0,6.0,2.0,7.0,5.0,34.0,6.0,23.0,1.0,6.802505868263039
841,18.0,1.0,6.0,1.0,5.0,5.0,55.0,7.0,23.0,1.0,2.89591193827178
842,190.0,2.0,3.0,3.0,6.0,0.0,35.0,6.0,23.0,0.0,5.247550249494384
843,2.0,7.0,4.0,5.0,5.0,3.0,55.0,3.0,23.0,0.0,0.7419373447293773
844,5.0,3.0,6.0,3.0,5.0,5.0,27.0,6.0,23.0,1.0,1.62924053973028
845,56.0,3.0,4.0,4.0,5.0,1.0,26.0,6.0,23.0,0.0,4.027135812528651
846,75.0,7.0,4.0,2.0,6.0,5.0,54.0,6.0,23.0,0.0,4.318820558770089
847,56.0,0.0,5.0,2.0,6.0,5.0,42.0,4.0,23.0,1.0,4.027135812528651
848,0.0,5.0,6.0,1.0,6.0,6.0,57.0,7.0,23.0,1.0,-2.3025850929940455
849,0.0,0.0,7.0,1.0,4.0,6.0,54.0,6.0,23.0,1.0,-2.3025850929940455
850,75.0,6.0,6.0,3.0,6.0,6.0,55.0,6.0,23.0,1.0,4.318820558770089
851,1600.0,7.0,5.0,3.0,6.0,6.0,50.0,7.0,23.0,1.0,7.377821406274829
852,15.0,0.0,5.0,5.0,6.0,1.0,57.0,7.0,23.0,0.0,2.714694743820879
853,19.0,3.0,5.0,3.0,7.0,3.0,46.0,4.0,23.0,0.0,2.9496883350525844
854,16.0,7.0,6.0,2.0,6.0,6.0,53.0,6.0,23.0,1.0,2.7788192719904172
855,42.0,2.0,3.0,3.0,5.0,0.0,32.0,7.0,23.0,0.0,3.7400477406883357
856,18.0,5.0,5.0,2.0,5.0,3.0,53.0,5.0,23.0,1.0,2.89591193827178
857,0.0,3.0,3.0,3.0,6.0,1.0,39.0,6.0,23.0,0.0,-2.3025850929940455
858,310.0,1.0,5.0,2.0,5.0,4.0,47.0,6.0,23.0,1.0,5.736894826106403
859,1600.0,7.0,5.0,2.0,4.0,2.0,57.0,4.0,23.0,0.0,7.377821406274829
860,23.0,5.0,6.0,3.0,6.0,6.0,49.0,6.0,23.0,1.0,3.139832617527748
861,20.0,1.0,5.0,4.0,6.0,5.0,31.0,5.0,23.0,0.0,3.0007198150650303
862,51.0,5.0,5.0,3.0,5.0,5.0,43.0,6.0,23.0,1.0,3.933784497209659
863,0.0,2.0,5.0,2.0,5.0,4.0,44.0,6.0,23.0,1.0,-2.3025850929940455
864,0.0,4.0,4.0,3.0,6.0,0.0,39.0,6.0,23.0,0.0,-2.3025850929940455
865,0.0,2.0,6.0,1.0,6.0,5.0,49.0,4.0,23.0,1.0,-2.3025850929940455
866,18.0,7.0,5.0,4.0,6.0,4.0,72.0,6.0,23.0,1.0,2.89591193827178
867,7300.0,7.0,5.0,2.0,6.0,5.0,50.0,6.0,23.0,1.0,8.895643325672793
868,110.0,1.0,5.0,2.0,6.0,6.0,28.0,4.0,23.0,1.0,4.701389043728634
869,0.0,0.0,5.0,2.0,7.0,3.0,48.0,7.0,23.0,1.0,-2.3025850929940455
870,3500.0,1.0,3.0,4.0,7.0,1.0,32.0,6.0,23.0,0.0,8.16054681849792
871,720.0,7.0,5.0,5.0,5.0,1.0,63.0,4.0,23.0,0.0,6.5793900912548215
872,9.0,4.0,4.0,5.0,6.0,5.0,36.0,4.0,23.0,1.0,2.2082744135228043
873,47.0,7.0,6.0,3.0,6.0,6.0,36.0,6.0,23.0,1.0,3.8522730010223722
874,350.0,7.0,3.0,2.0,7.0,2.0,53.0,3.0,23.0,0.0,5.85821882796062
875,0.0,5.0,2.0,2.0,6.0,2.0,44.0,7.0,23.0,0.0,-2.3025850929940455
876,0.0,0.0,4.0,2.0,6.0,6.0,41.0,7.0,24.0,1.0,-2.3025850929940455
877,83.0,0.0,2.0,3.0,6.0,1.0,56.0,7.0,24.0,0.0,4.420044701861403
878,1.0,4.0,4.0,4.0,6.0,2.0,63.0,7.0,24.0,0.0,0.09531017980432493
879,190.0,7.0,2.0,4.0,6.0,0.0,52.0,6.0,24.0,0.0,5.247550249494384
880,0.0,7.0,3.0,3.0,7.0,2.0,43.0,7.0,24.0,0.0,-2.3025850929940455
881,12.0,7.0,4.0,3.0,6.0,2.0,40.0,3.0,24.0,0.0,2.4932054526026954
882,9.0,5.0,5.0,1.0,7.0,4.0,69.0,4.0,24.0,1.0,2.2082744135228043
883,23.0,7.0,2.0,2.0,6.0,0.0,49.0,7.0,24.0,0.0,3.139832617527748
884,9.0,1.0,3.0,3.0,6.0,2.0,65.0,7.0,24.0,0.0,2.2082744135228043
885,18.0,5.0,6.0,1.0,6.0,5.0,53.0,7.0,24.0,1.0,2.89591193827178
886,0.0,5.0,5.0,3.0,5.0,6.0,50.0,4.0,24.0,1.0,-2.3025850929940455
887,12.0,3.0,2.0,4.0,6.0,0.0,27.0,5.0,24.0,0.0,2.4932054526026954
888,0.0,6.0,5.0,3.0,5.0,5.0,44.0,6.0,24.0,1.0,-2.3025850929940455
889,170.0,2.0,2.0,3.0,5.0,0.0,54.0,7.0,24.0,0.0,5.136386499401816
890,0.0,7.0,4.0,2.0,6.0,4.0,33.0,5.0,24.0,1.0,-2.3025850929940455
891,9.0,0.0,4.0,4.0,6.0,3.0,48.0,7.0,24.0,0.0,2.2082744135228043
892,23.0,3.0,5.0,2.0,6.0,5.0,54.0,5.0,24.0,1.0,3.139832617527748
893,0.0,0.0,6.0,2.0,5.0,6.0,56.0,3.0,24.0,1.0,-2.3025850929940455
894,9.0,1.0,2.0,4.0,7.0,2.0,34.0,7.0,24.0,0.0,2.2082744135228043
895,290.0,7.0,6.0,4.0,7.0,6.0,41.0,6.0,24.0,0.0,5.670225691127358
896,1.0,0.0,5.0,1.0,5.0,6.0,40.0,6.0,24.0,1.0,0.09531017980432493
897,350.0,1.0,7.0,2.0,6.0,6.0,55.0,6.0,24.0,1.0,5.85821882796062
898,20.0,0.0,4.0,3.0,5.0,5.0,38.0,6.0,24.0,1.0,3.0007198150650303
899,0.0,3.0,6.0,2.0,6.0,6.0,40.0,6.0,24.0,1.0,-2.3025850929940455
900,23.0,1.0,6.0,1.0,6.0,6.0,46.0,4.0,24.0,1.0,3.139832617527748
901,150.0,4.0,3.0,3.0,4.0,0.0,26.0,6.0,24.0,0.0,5.011301738639416
902,31.0,0.0,5.0,2.0,7.0,3.0,49.0,6.0,24.0,0.0,3.4372078191851885
903,0.0,7.0,4.0,1.0,5.0,6.0,51.0,5.0,24.0,1.0,-2.3025850929940455
904,9.0,2.0,5.0,2.0,6.0,4.0,46.0,6.0,24.0,0.0,2.2082744135228043
905,47.0,0.0,3.0,4.0,6.0,2.0,40.0,7.0,24.0,0.0,3.8522730010223722
906,900.0,0.0,3.0,4.0,7.0,2.0,30.0,5.0,24.0,0.0,6.802505868263039
907,83.0,3.0,2.0,3.0,6.0,2.0,45.0,5.0,24.0,0.0,4.420044701861403
908,18.0,7.0,5.0,4.0,6.0,4.0,52.0,7.0,24.0,1.0,2.89591193827178
909,0.0,0.0,6.0,1.0,5.0,6.0,36.0,6.0,24.0,1.0,-2.3025850929940455
910,20.0,0.0,4.0,3.0,5.0,3.0,49.0,6.0,24.0,0.0,3.0007198150650303
911,24.0,7.0,3.0,4.0,5.0,1.0,38.0,7.0,24.0,0.0,3.1822118404966093
912,18.0,0.0,2.0,4.0,6.0,1.0,51.0,7.0,24.0,0.0,2.89591193827178
913,9.0,3.0,3.0,2.0,5.0,1.0,47.0,6.0,24.0,0.0,2.2082744135228043
914,0.0,1.0,6.0,1.0,5.0,6.0,52.0,7.0,24.0,1.0,-2.3025850929940455
915,9.0,0.0,6.0,2.0,6.0,6.0,33.0,6.0,24.0,1.0,2.2082744135228043
916,0.0,4.0,4.0,2.0,6.0,6.0,50.0,4.0,24.0,1.0,-2.3025850929940455
917,18.0,7.0,6.0,2.0,5.0,4.0,48.0,7.0,24.0,1.0,2.89591193827178
918,19.0,3.0,2.0,2.0,6.0,0.0,36.0,6.0,24.0,0.0,2.9496883350525844
919,31.0,3.0,2.0,3.0,6.0,1.0,35.0,7.0,24.0,0.0,3.4372078191851885
920,3500.0,7.0,7.0,3.0,5.0,4.0,34.0,7.0,24.0,0.0,8.16054681849792
921,0.0,7.0,2.0,4.0,5.0,2.0,53.0,6.0,24.0,0.0,-2.3025850929940455
922,33.0,0.0,4.0,3.0,6.0,2.0,33.0,7.0,24.0,0.0,3.4995332823830174
923,0.0,1.0,6.0,3.0,6.0,6.0,52.0,6.0,24.0,1.0,-2.3025850929940455
924,18.0,3.0,4.0,3.0,6.0,4.0,44.0,7.0,24.0,0.0,2.89591193827178
925,0.0,0.0,3.0,4.0,4.0,0.0,48.0,6.0,24.0,0.0,-2.3025850929940455
926,31.0,3.0,5.0,2.0,6.0,5.0,20.0,4.0,24.0,1.0,3.4372078191851885
927,0.0,5.0,3.0,2.0,4.0,6.0,45.0,6.0,24.0,1.0,-2.3025850929940455
928,59.0,7.0,4.0,2.0,6.0,2.0,70.0,3.0,24.0,0.0,4.079230924412053
929,0.0,0.0,3.0,3.0,4.0,2.0,39.0,3.0,24.0,0.0,-2.3025850929940455
930,7300.0,7.0,3.0,3.0,5.0,1.0,40.0,7.0,24.0,1.0,8.895643325672793
931,75.0,4.0,5.0,2.0,7.0,5.0,62.0,6.0,24.0,1.0,4.318820558770089
932,0.0,7.0,5.0,2.0,6.0,4.0,46.0,6.0,24.0,1.0,-2.3025850929940455
933,27.0,7.0,4.0,4.0,7.0,2.0,46.0,3.0,24.0,0.0,3.299533727885655
934,1600.0,7.0,4.0,2.0,5.0,6.0,56.0,7.0,24.0,1.0,7.377821406274829
935,0.0,7.0,6.0,3.0,6.0,6.0,55.0,7.0,24.0,1.0,-2.3025850929940455
936,0.0,7.0,6.0,2.0,6.0,6.0,41.0,4.0,24.0,1.0,-2.3025850929940455
937,7300.0,1.0,2.0,3.0,6.0,0.0,43.0,7.0,24.0,0.0,8.895643325672793
938,16.0,7.0,7.0,1.0,7.0,6.0,34.0,3.0,24.0,1.0,2.7788192719904172
939,0.0,7.0,7.0,1.0,6.0,4.0,73.0,6.0,24.0,1.0,-2.3025850929940455
940,0.0,7.0,5.0,2.0,6.0,6.0,50.0,6.0,24.0,1.0,-2.3025850929940455
941,0.0,3.0,6.0,2.0,7.0,5.0,43.0,6.0,24.0,1.0,-2.3025850929940455
942,0.0,6.0,6.0,2.0,5.0,6.0,46.0,7.0,24.0,1.0,-2.3025850929940455
943,18.0,7.0,4.0,2.0,6.0,3.0,61.0,7.0,24.0,1.0,2.89591193827178
