SampleID,PF_UNIQUE_READS,PCT_OFF_BAIT,MEAN_BAIT_COVERAGE,MEAN_TARGET_COVERAGE,ZERO_CVG_TARGETS_PCT,PCT_TARGET_BASES_10X,PCT_TARGET_BASES_20X,Run
1-ABDF65_S231,241668,0.460614,1203.184074,40.817789,0.025641,0.981493,0.961098,R3236
1-ABDG48_S297,341817,0.476226,1092.326126,96.710946,0.017094,0.989955,0.984415,R3236
1-ABDH12_S363,420180,0.50717,1351.005242,64.562158,0.025641,0.985267,0.980519,R3236
1-JXTP18_S1,297727,0.477428,1764.89416,19.659199,0.025641,0.956898,0.491294,R3236
1-XBEV62_S133,384125,0.500269,1646.252129,37.509862,0.025641,0.98058,0.951114,R3236
1-XBEW13_S67,268633,0.457113,1770.89416,15.498295,0.017094,0.859308,0.200414,R3236
10-ABDF74_S240,368090,0.469083,1884.906478,70.470352,0.025641,0.984293,0.981919,R3236
10-ABDG55_S306,480945,0.524265,1619.383043,62.714964,0.025641,0.983319,0.980336,R3236
10-ABDH21_S372,325445,0.508774,1163.578561,32.70778,0.025641,0.980945,0.937051,R3236
10-JXTP27_S10,331676,0.480516,1861.247761,29.606173,0.025641,0.978997,0.900037,R3236
10-XBEV71_S142,421582,0.500649,1808.951339,32.264581,0.025641,0.981188,0.917326,R3236
10-XBEW51_S76,261656,0.46297,1440.811078,33.377937,0.025641,0.979484,0.932972,R3236
11-ABDF75_S241,225763,0.460484,1180.79177,27.999696,0.025641,0.974613,0.852794,R3236
11-ABDG56_S307,375902,0.509387,1392.474992,34.681359,0.025641,0.979423,0.931389,R3236
11-ABDH28_S373,370171,0.502238,1353.97829,33.411177,0.025641,0.97851,0.93072,R3236
11-JXTP28_S11,327043,0.468855,1872.811209,23.473091,0.025641,0.964812,0.726105,R3236
11-XBEV72_S143,559715,0.499278,2310.760276,51.033362,0.017094,0.983076,0.973883,R3236
11-XBEW52_S77,310782,0.463208,1779.154501,34.289297,0.025641,0.981675,0.93352,R3236
12-ABDF79_S242,364837,0.46927,1733.836762,70.246926,0.025641,0.985267,0.982467,R3236
12-ABDG57_S308,362325,0.502275,1474.204735,16.552234,0.025641,0.923597,0.267624,R3236
12-ABDH29_S374,424322,0.52481,1435.606343,23.442652,0.017094,0.966151,0.707293,R3236
12-JXTP29_S12,319171,0.480168,1727.226445,32.847376,0.025641,0.980823,0.935955,R3236
12-XBEV08_S78,340761,0.471983,1932.683702,30.490442,0.017094,0.977049,0.897236,R3236
12-XBEV73_S144,432994,0.508048,1733.840257,35.533057,0.025641,0.980397,0.950566,R3236
13-ABDF80_S243,229563,0.408595,1193.893111,16.84555,0.025641,0.898271,0.327103,R3236
13-ABDG58_S309,412258,0.522249,1397.052505,21.27633,0.025641,0.95635,0.612018,R3236
13-ABDH30_S375,388191,0.504351,1314.480758,58.256362,0.025641,0.984111,0.975405,R3236
13-JXTP30_S13,357828,0.484224,1913.647927,41.296238,0.025641,0.980336,0.961098,R3236
13-XBEV09_S79,354612,0.464473,2055.932556,23.340619,0.025641,0.959455,0.696213,R3236
13-XBEV74_S145,430680,0.503805,1902.334163,33.159321,0.025641,0.981858,0.934068,R3236
14-ABDF81_S244,296003,0.468749,1620.232211,28.472604,0.017094,0.980153,0.876476,R3236
14-ABDG59_S310,234744,0.498087,1019.919932,9.662486,0.025641,0.482832,0.014367,R3236
14-ABDH31_S376,392057,0.502107,1433.021753,47.161147,0.025641,0.982041,0.972909,R3236
14-JXTP31_S14,323548,0.476109,1918.439698,21.294107,0.025641,0.962498,0.590162,R3236
14-XBEV10_S80,298047,0.478219,1551.588608,26.347437,0.025641,0.976075,0.803908,R3236
14-XBEV75_S146,472245,0.514991,1911.024724,37.804639,0.025641,0.981432,0.963351,R3236
15-ABDF82_S245,431779,0.457773,1959.416372,100.426641,0.025641,0.985937,0.981858,R3236
15-ABDG60_S311,476403,0.533953,1396.645874,46.932972,0.025641,0.98198,0.969865,R3236
15-ABDH32_S377,331971,0.487506,1207.133272,40.437051,0.025641,0.980458,0.956228,R3236
15-JXTP33_S15,257248,0.422402,1760.525139,21.436625,0.025641,0.905211,0.473883,R3236
15-XBEV11_S81,339527,0.478647,1653.162713,31.195057,0.025641,0.976744,0.912699,R3236
15-XBEV76_S147,388433,0.497106,1554.983619,39.46189,0.025641,0.980032,0.965177,R3236
16-ABDF83_S246,267844,0.461027,1375.515179,38.915135,0.025641,0.98064,0.957202,R3236
16-ABDG61_S312,363398,0.51674,1346.726073,19.747474,0.025641,0.940886,0.505236,R3236
16-ABDH33_S378,404164,0.508133,1235.629319,66.823451,0.025641,0.982832,0.980093,R3236
16-JXTP34_S16,331765,0.482475,1759.541781,35.844089,0.025641,0.982467,0.95635,R3236
16-XBEV12_S82,345243,0.470319,1998.35797,32.29709,0.025641,0.980884,0.924571,R3236
16-XBEV77_S148,357773,0.500919,1422.603154,32.661512,0.025641,0.97991,0.924632,R3236
17-ABDF84_S247,274972,0.466445,1528.782292,24.94874,0.025641,0.97023,0.753257,R3236
17-ABDG62_S313,428493,0.511046,1649.336522,29.379946,0.025641,0.972361,0.879703,R3236
17-ABDH34_S379,363526,0.505038,1398.388852,28.189212,0.025641,0.978266,0.889139,R3236
17-JXTP35_S17,285169,0.474507,1694.113004,18.743882,0.025641,0.936625,0.451906,R3236
17-XBEV13_S83,253164,0.458622,1491.899139,19.330878,0.025641,0.951845,0.476927,R3236
17-XBEV78_S149,380323,0.44446,1641.56917,31.99586,0.025641,0.976014,0.928163,R3236
18-ABDF85_S248,246707,0.469295,1399.471673,17.370632,0.017094,0.926032,0.321137,R3236
18-ABDG63_S314,395759,0.504144,1564.048355,34.940034,0.025641,0.982528,0.953123,R3236
18-ABDH35_S380,367559,0.518508,1272.217053,28.792524,0.025641,0.975587,0.876415,R3236
18-JXTP36_S18,317328,0.474994,1832.050627,20.091806,0.025641,0.953915,0.544016,R3236
18-XBEV14_S84,321756,0.466631,1923.212336,23.23755,0.025641,0.964386,0.712468,R3236
18-XBEV79_S150,436174,0.510184,1728.708601,38.272251,0.017094,0.981493,0.949349,R3236
19-ABDF86_S249,310943,0.469202,1636.509894,33.347072,0.025641,0.979058,0.93352,R3236
19-ABDG64_S315,434447,0.499011,1668.820513,44.806709,0.025641,0.982467,0.965969,R3236
19-ABDH36_S381,411761,0.511712,1304.629537,70.491538,0.025641,0.985267,0.981067,R3236
19-JXTP37_S19,291107,0.48607,1618.971782,21.12048,0.025641,0.962072,0.607573,R3236
19-XBEV15_S85,412526,0.468644,2276.736339,50.635152,0.025641,0.982649,0.977414,R3236
19-XBEV80_S151,399264,0.504276,1625.324772,27.33727,0.025641,0.972361,0.838731,R3236
2-ABDF66_S232,278605,0.478575,1330.157865,33.705771,0.025641,0.978571,0.941252,R3236
2-ABDG49_S298,391393,0.478933,1338.630062,84.438756,0.017094,0.989894,0.982041,R3236
2-ABDH13_S364,281739,0.508093,880.175862,33.041276,0.025641,0.976196,0.934372,R3236
2-JXTP19_S2,270197,0.478849,1553.621063,14.080787,0.025641,0.812614,0.153902,R3236
2-XBEV63_S134,374726,0.503002,1419.255799,37.296116,0.017094,0.981006,0.952149,R3236
2-XBEW41_S68,263136,0.46215,1560.005023,25.488494,0.025641,0.978023,0.798855,R3236
20-ABDF87_S250,316375,0.465085,1526.911327,63.809875,0.025641,0.982102,0.981006,R3236
20-ABDG65_S316,344348,0.502417,1365.297427,23.627846,0.025641,0.96883,0.732984,R3236
20-ABDH37_S382,298656,0.506278,1050.633862,26.015342,0.025641,0.974126,0.817545,R3236
20-JXTP38_S20,221825,0.467941,1385.547678,6.579143,0.025641,0.166139,0.001157,R3236
20-XBEV16_S86,284958,0.468414,1505.907963,34.62121,0.025641,0.979666,0.938634,R3236
20-XBEV81_S152,353965,0.51402,1425.07902,17.790819,0.025641,0.93212,0.347376,R3236
21-ABDF88_S251,297694,0.461406,1624.302145,29.862596,0.025641,0.977353,0.894801,R3236
21-ABDG66_S317,351855,0.498104,1415.258245,26.080847,0.025641,0.967978,0.797516,R3236
21-JANP99_S383,289561,0.501999,910.643778,44.908986,0.017094,0.982102,0.962742,R3236
21-JXTP39_S21,327195,0.473265,1933.778797,21.384025,0.025641,0.959576,0.606295,R3236
21-XBEV17_S87,315190,0.4614,1861.393614,39.951662,0.025641,0.981371,0.954645,R3236
21-XBEV82_S153,367846,0.491465,1505.889879,42.302204,0.017094,0.981006,0.965482,R3236
22-ABDF89_S252,244936,0.461473,1300.015856,31.20845,0.025641,0.978388,0.907099,R3236
22-ABDG67_S318,381105,0.501568,1481.303193,27.469987,0.025641,0.971752,0.858578,R3236
22-JANQ01_S384,329563,0.491718,1145.595815,55.805674,0.025641,0.983989,0.976379,R3236
22-JXTP40_S22,288102,0.479808,1594.993928,17.823329,0.017094,0.927858,0.357908,R3236
22-XBEV18_S88,276617,0.46132,1552.228105,31.982345,0.017094,0.980397,0.919092,R3236
22-XBEV83_S154,377312,0.494434,1475.294457,39.139535,0.025641,0.981554,0.954767,R3236
23-ABDF90_S253,234699,0.473714,1218.087712,15.685559,0.025641,0.87812,0.229027,R3236
23-ABDG68_S319,325688,0.506044,1206.553444,26.127846,0.025641,0.974674,0.814136,R3236
23-JANQ02_S385,314408,0.504036,1013.524964,47.627298,0.025641,0.981554,0.972665,R3236
23-JXTP41_S23,216584,0.468538,1342.123706,7.73341,0.025641,0.282175,0.002679,R3236
23-XBEV19_S89,281495,0.473452,1646.579085,16.668209,0.025641,0.906733,0.29776,R3236
23-XBEV84_S155,363632,0.503275,1460.188442,27.578291,0.025641,0.976075,0.861013,R3236
24-ABDF91_S254,300703,0.463106,1670.280566,32.891574,0.025641,0.980093,0.934129,R3236
24-ABDG69_S320,337563,0.508458,1150.538636,33.827895,0.017094,0.980823,0.916778,R3236
24-JANQ03_S386,318185,0.500953,1156.651728,35.191221,0.025641,0.980093,0.933398,R3236
24-JXTP42_S24,323119,0.462791,1877.549295,36.424571,0.025641,0.97924,0.940521,R3236
24-XBEV20_S90,367066,0.47737,2258.461495,11.144162,0.025641,0.626324,0.035493,R3236
24-XBEV85_S156,340678,0.48684,1338.935395,38.812492,0.017094,0.980093,0.948253,R3236
25-ABDF92_S255,247866,0.467037,1387.283318,23.151589,0.017094,0.96402,0.715999,R3236
25-ABDG70_S321,422910,0.543699,1276.002534,30.000548,0.025641,0.976257,0.900402,R3236
25-JANQ04_S387,319671,0.500025,1014.935482,63.152502,0.025641,0.983684,0.979727,R3236
25-JXTK79_S25,209186,0.458597,1308.077273,12.336722,0.025641,0.712955,0.079812,R3236
25-XBEV21_S91,411140,0.46779,2215.383349,66.938999,0.025641,0.984111,0.980458,R3236
25-XBEV86_S157,374476,0.497068,1498.843489,24.752222,0.025641,0.966577,0.757884,R3236
26-ABDF93_S256,269207,0.457476,1469.92727,28.022282,0.025641,0.974553,0.858091,R3236
26-ABDG71_S322,362691,0.516972,1194.323898,31.468404,0.025641,0.976257,0.908073,R3236
26-JANQ05_S388,383315,0.512902,1369.755122,51.834104,0.025641,0.981127,0.978571,R3236
26-JXTK83_S26,233874,0.466989,1410.458,15.194265,0.025641,0.88506,0.18489,R3236
26-XBEV22_S92,267096,0.456285,1638.854497,13.221052,0.025641,0.767198,0.102094,R3236
26-XBEV87_S158,397328,0.508942,1587.71144,33.633386,0.025641,0.980093,0.939121,R3236
27-ABDF94_S257,280621,0.463704,1473.247412,31.409108,0.025641,0.977718,0.915682,R3236
27-ABDG72_S323,426436,0.528204,1327.982702,51.692621,0.017094,0.983258,0.976501,R3236
27-JANQ06_S389,293325,0.494169,1106.488577,34.07482,0.025641,0.979666,0.934433,R3236
27-JXTK97_S27,238098,0.469513,1451.491329,14.419274,0.017094,0.847802,0.156033,R3236
27-XBEV23_S93,293217,0.471933,1702.604552,19.395775,0.025641,0.941678,0.492329,R3236
27-XBEV88_S159,343946,0.499112,1479.405015,17.940156,0.025641,0.928528,0.36424,R3236
28-ABDF95_S258,253550,0.457207,1473.760189,23.088579,0.017094,0.962316,0.710946,R3236
28-ABDG74_S324,410233,0.496512,1580.664177,46.424997,0.025641,0.979849,0.968769,R3236
28-JANQ07_S390,316822,0.50392,1081.79378,46.923962,0.025641,0.984111,0.969317,R3236
28-JXTK99_S28,261183,0.477878,1656.10833,11.988433,0.025641,0.679167,0.052356,R3236
28-XBEV24_S94,296398,0.455748,1705.197178,38.803726,0.025641,0.980823,0.944844,R3236
28-XBEV89_S160,438295,0.494861,1771.814004,47.445331,0.017094,0.983441,0.976196,R3236
29-ABDF96_S259,222538,0.459488,1122.864194,38.334774,0.025641,0.980397,0.94186,R3236
29-ABDG75_S325,393495,0.509113,1470.182676,34.873432,0.017094,0.980458,0.936381,R3236
29-JANQ08_S391,306788,0.504918,1069.896824,40.126689,0.025641,0.983624,0.96816,R3236
29-JXTL03_S29,277997,0.476192,1632.039444,15.854012,0.025641,0.884269,0.244247,R3236
29-XBEV25_S95,353832,0.473275,2045.940069,33.193535,0.008547,0.985206,0.958115,R3236
29-XBEV90_S161,487390,0.504008,1959.653519,56.160599,0.025641,0.985146,0.980153,R3236
3-ABDF67_S233,322894,0.47084,1676.746822,34.408012,0.017094,0.980032,0.936747,R3236
3-ABDG50_S299,312864,0.427351,1325.493295,28.410325,0.025641,0.965177,0.869475,R3236
3-ABDH14_S365,431791,0.501162,1688.006203,37.66413,0.025641,0.980823,0.956045,R3236
3-JXTP20_S3,281701,0.467376,1623.877255,27.662973,0.017094,0.976744,0.849811,R3236
3-XBEV64_S135,562913,0.502126,2388.758572,53.802508,0.025641,0.981858,0.977414,R3236
3-XBEW42_S69,350281,0.456963,2321.636483,32.886034,0.025641,0.980701,0.919031,R3236
30-ABCY81_S392,238285,0.491524,1013.628839,10.698101,0.025641,0.610678,0.021247,R3236
30-ABDF97_S260,268058,0.461085,1434.414188,33.703458,0.025641,0.981067,0.935225,R3236
30-ABDG76_S326,468727,0.504233,1842.312803,52.10252,0.025641,0.98058,0.977353,R3236
30-JXRX09_S30,262532,0.459414,1631.475517,11.121515,0.025641,0.640935,0.031962,R3236
30-XBEV26_S96,334615,0.473107,1993.234264,21.571168,0.017094,0.950384,0.624376,R3236
30-XBEV91_S162,393569,0.507824,1590.898004,35.653963,0.025641,0.979971,0.943687,R3236
31-ABCZ08_S393,222634,0.484283,897.832394,13.668452,0.017094,0.801656,0.118349,R3236
31-ABDF98_S261,351201,0.465007,1610.967414,78.819433,0.025641,0.983684,0.980153,R3236
31-ABDG77_S327,430727,0.519233,1446.32001,49.005175,0.017094,0.98338,0.973883,R3236
31-XBCC82_S31,283744,0.453485,1785.630193,24.001157,0.025641,0.965299,0.741507,R3236
31-XBEV27_S97,241842,0.46035,1379.183681,17.453427,0.025641,0.925728,0.349446,R3236
31-XBEV92_S163,355109,0.5004,1545.663609,26.006636,0.025641,0.977292,0.806709,R3236
32-ABDF99_S262,291096,0.464584,1558.007775,38.504749,0.025641,0.980214,0.952149,R3236
32-ABDG78_S328,353110,0.515858,1282.374481,27.359978,0.025641,0.97437,0.837757,R3236
32-JXRY06_S32,320227,0.412423,1739.842878,32.810788,0.025641,0.968769,0.9183,R3236
32-SABC15_S394,219331,0.48916,876.366313,14.762389,0.017094,0.859613,0.179106,R3236
32-XBEV28_S98,332211,0.463299,2011.995195,26.657738,0.017094,0.973883,0.826008,R3236
32-XBEV93_S164,386534,0.505723,1551.788669,26.744856,0.025641,0.980336,0.838427,R3236
33-ABCZ77_S395,220889,0.502187,863.166339,11.045964,0.025641,0.61908,0.033362,R3236
33-ABDG01_S263,275049,0.468598,1478.401258,29.216303,0.025641,0.974674,0.873493,R3236
33-ABDG79_S329,442036,0.530781,1404.607828,38.466516,0.025641,0.980823,0.953001,R3236
33-JXRR86_S33,306399,0.474482,1740.882147,31.778887,0.025641,0.980458,0.908073,R3236
33-XBEP31_S99,220083,0.474634,1249.070065,14.044198,0.025641,0.782175,0.126081,R3236
33-XBEV94_S165,413225,0.499201,1742.053466,21.078899,0.025641,0.951784,0.559053,R3236
34-ABDE44_S198,232074,0.462203,1249.622985,33.287045,0.025641,0.981675,0.93626,R3236
34-ABDG02_S264,352371,0.493326,1485.603591,30.773347,0.025641,0.976379,0.892183,R3236
34-ABDG80_S330,290258,0.502415,1180.767134,30.333435,0.025641,0.977353,0.889322,R3236
34-JANQ09_S396,264429,0.439967,1142.853492,20.550043,0.025641,0.94393,0.578351,R3236
34-JXTP43_S34,295598,0.462299,1902.772944,16.454158,0.017094,0.896566,0.28327,R3236
34-JXTR74_S166,299493,0.494564,1342.439305,13.785158,0.025641,0.802934,0.134969,R3236
34-XBEV29_S100,381785,0.487102,1793.544009,18.749239,0.025641,0.946366,0.434372,R3236
35-ABDE45_S199,274608,0.459164,1606.735159,27.255327,0.025641,0.972483,0.857117,R3236
35-ABDG03_S265,397259,0.498767,1511.018521,52.65579,0.025641,0.981067,0.977475,R3236
35-ABDG81_S331,278537,0.496511,1161.299611,20.906794,0.025641,0.96189,0.597041,R3236
35-JANQ14_S397,368413,0.492073,1356.534399,66.332948,0.017094,0.983502,0.979301,R3236
35-JXTP44_S35,319869,0.462858,2033.602193,26.640326,0.025641,0.976683,0.830391,R3236
35-XBEV30_S101,348073,0.504616,1527.741013,20.049677,0.025641,0.944661,0.524291,R3236
36-ABDE46_S200,279945,0.458217,1596.607085,35.533362,0.025641,0.981736,0.953184,R3236
36-ABDG04_S266,324895,0.503863,1283.742323,31.474979,0.025641,0.981067,0.917204,R3236
36-ABDG82_S332,340541,0.516498,1117.425982,32.481736,0.025641,0.977901,0.908803,R3236
36-JANQ15_S398,287563,0.498966,1246.853187,15.459089,0.025641,0.892,0.201327,R3236
36-JXTP50_S36,300808,0.471481,1756.883676,27.012724,0.025641,0.973274,0.832217,R3236
36-JXTR76_S167,401125,0.499233,1720.287599,24.356325,0.025641,0.96676,0.765981,R3236
36-XBEV31_S102,441339,0.496881,1811.062028,43.523195,0.025641,0.980519,0.961768,R3236
37-ABDE47_S201,272503,0.448791,1376.96156,45.979423,0.025641,0.98058,0.961464,R3236
37-ABDG05_S267,398384,0.499461,1681.988686,48.380373,0.025641,0.98338,0.972726,R3236
37-ABDG83_S333,289497,0.481506,1323.243524,27.3864,0.025641,0.972056,0.83727,R3236
37-JANQ16_S399,283678,0.491276,1105.910759,32.165165,0.025641,0.978875,0.926519,R3236
37-JXTP51_S37,310581,0.467973,1998.912899,20.232132,0.025641,0.947096,0.541337,R3236
37-JXTR77_S168,449233,0.500672,1906.547678,33.545781,0.025641,0.979666,0.933277,R3236
37-XBEV32_S103,255001,0.489065,1088.196785,16.327956,0.025641,0.89821,0.272677,R3236
38-ABDE49_S202,267940,0.464217,1334.308653,33.103494,0.025641,0.979606,0.90862,R3236
38-ABDG06_S268,346093,0.49056,1413.714279,45.595519,0.017094,0.980519,0.975709,R3236
38-ABDG84_S334,360720,0.51547,1326.64369,38.926397,0.025641,0.98058,0.962438,R3236
38-JANQ17_S400,304929,0.492965,1259.762591,29.089736,0.017094,0.978084,0.889687,R3236
38-JXTP52_S38,321006,0.478148,1793.483423,22.139413,0.025641,0.959272,0.647084,R3236
38-XBEV33_S104,274371,0.49789,1078.915476,30.320833,0.025641,0.978205,0.892183,R3236
38-XBEW53_S169,305008,0.501924,1345.698292,11.152502,0.025641,0.642822,0.028978,R3236
39-ABDE50_S203,270017,0.461866,1592.360416,22.670827,0.025641,0.951601,0.685742,R3236
39-ABDG07_S269,370538,0.498773,1535.988512,32.010836,0.025641,0.976866,0.911908,R3236
39-ABDG85_S335,338456,0.499978,1215.548945,70.524108,0.025641,0.984658,0.980762,R3236
39-JANQ18_S401,277488,0.499697,1069.599048,27.171801,0.025641,0.979058,0.826677,R3236
39-JXTP53_S39,236156,0.406516,1480.822915,14.162791,0.025641,0.813345,0.154389,R3236
39-XBEV34_S105,496634,0.501866,2008.047263,70.45635,0.025641,0.982954,0.981067,R3236
39-XBEW54_S170,390380,0.49564,1725.904862,27.88086,0.025641,0.97717,0.872397,R3236
4-ABDF68_S234,272224,0.480684,1389.578823,25.500426,0.025641,0.962072,0.784488,R3236
4-ABDH15_S366,376481,0.502183,1412.214913,30.250457,0.025641,0.980823,0.908864,R3236
4-JXTP21_S4,298162,0.46451,1751.888044,18.141179,0.025641,0.91623,0.376781,R3236
4-SABC57_S300,342310,0.499358,1302.415979,47.979301,0.025641,0.981432,0.971326,R3236
4-XBEV65_S136,412141,0.522674,1584.361421,24.800864,0.025641,0.971874,0.760136,R3236
4-XBEW43_S70,262288,0.47439,1509.239942,19.691404,0.025641,0.944235,0.514307,R3236
40-ABDE63_S204,299470,0.46357,1534.828943,49.113722,0.025641,0.98131,0.979666,R3236
40-ABDG08_S270,342585,0.494216,1432.186389,33.151528,0.025641,0.980032,0.92244,R3236
40-ABDG86_S336,303308,0.507918,1223.685799,28.733228,0.025641,0.975831,0.885365,R3236
40-JANQ19_S402,409895,0.520088,1250.408902,65.791124,0.017094,0.983745,0.979666,R3236
40-JXTP54_S40,310879,0.467264,1891.636483,23.902472,0.025641,0.96676,0.700414,R3236
40-XBEV35_S106,379912,0.499415,1520.600315,41.244734,0.025641,0.981006,0.957811,R3236
40-XBEW55_S171,339541,0.488563,1577.797362,16.880068,0.025641,0.914039,0.31858,R3236
41-ABDE64_S205,323632,0.461566,1685.716726,54.894192,0.025641,0.983319,0.978449,R3236
41-ABDG09_S271,354846,0.48866,1543.07487,32.201388,0.017094,0.979849,0.914526,R3236
41-ABDG87_S337,318397,0.486016,1331.255537,36.129672,0.025641,0.980519,0.951236,R3236
41-JANQ20_S403,350590,0.498146,1299.102389,53.951236,0.025641,0.983928,0.976866,R3236
41-JXTP55_S41,241556,0.468786,1426.492552,14.892061,0.025641,0.840862,0.18909,R3236
41-XBEV36_S107,461036,0.496263,1943.165334,57.185803,0.025641,0.984537,0.976562,R3236
41-XBEW56_S172,290521,0.480752,1374.212336,19.93492,0.025641,0.949714,0.528004,R3236
42-ABDE65_S206,265802,0.456817,1529.84777,30.375502,0.025641,0.980214,0.903202,R3236
42-ABDG10_S272,359299,0.498858,1464.380553,51.002313,0.025641,0.985876,0.974431,R3236
42-ABDG88_S338,275446,0.490524,1052.371293,45.845245,0.017094,0.984293,0.974553,R3236
42-JANQ21_S404,218351,0.48826,898.21963,15.190795,0.025641,0.871241,0.206015,R3236
42-JXTP57_S42,294615,0.463781,1758.506705,16.222209,0.025641,0.874346,0.262754,R3236
42-XBEV37_S108,396678,0.493158,1612.124143,55.341166,0.025641,0.983684,0.972544,R3236
42-XBEW57_S173,309676,0.484689,1455.653955,17.902289,0.025641,0.934798,0.366675,R3236
43-ABDE66_S207,268947,0.460346,1444.221509,35.175149,0.025641,0.979788,0.939243,R3236
43-ABDG11_S273,391485,0.495596,1486.059014,64.893096,0.017094,0.983745,0.978753,R3236
43-ABDG89_S339,323672,0.511467,1247.628533,23.685864,0.025641,0.967734,0.725922,R3236
43-JANQ22_S405,255980,0.485387,1042.849124,35.979301,0.017094,0.981067,0.941252,R3236
43-JXTP58_S43,344823,0.469722,1946.469445,48.020942,0.025641,0.981249,0.971326,R3236
43-XBEV38_S109,412877,0.496068,1683.917311,49.948009,0.025641,0.982041,0.974066,R3236
43-XBEW58_S174,308762,0.483284,1440.258376,24.71052,0.025641,0.973944,0.77773,R3236
44-ABDE67_S208,249136,0.450027,1501.036125,19.620297,0.025641,0.951175,0.508645,R3236
44-ABDG12_S274,354707,0.496955,1410.405714,52.92451,0.025641,0.985511,0.976988,R3236
44-ABDG91_S340,280630,0.486319,1253.332329,21.951845,0.025641,0.951418,0.630707,R3236
44-JANQ24_S406,292166,0.497855,1112.540034,34.819189,0.017094,0.982162,0.929198,R3236
44-JXTP59_S44,294324,0.462506,1871.218102,16.669914,0.025641,0.894436,0.294411,R3236
44-XBEV39_S110,284562,0.49813,1040.195693,45.564897,0.025641,0.982345,0.96743,R3236
44-XBEW59_S175,390913,0.488649,1755.892325,38.132047,0.025641,0.977292,0.953915,R3236
45-ABDE68_S209,237979,0.406246,1310.275499,35.986302,0.025641,0.9751,0.944722,R3236
45-ABDG13_S275,379734,0.492207,1597.059975,39.732254,0.025641,0.980823,0.956958,R3236
45-ABDG92_S341,335447,0.494815,1317.454375,46.327956,0.025641,0.978266,0.963229,R3236
45-JANQ25_S407,284010,0.495099,1127.943826,18.175332,0.025641,0.911117,0.407707,R3236
45-JXTP60_S45,258008,0.465409,1624.781156,17.848411,0.025641,0.904846,0.373311,R3236
45-XBEV40_S111,404872,0.504088,1816.536452,32.940399,0.017094,0.979179,0.928345,R3236
45-XBEW60_S176,330669,0.483206,1435.916612,29.747717,0.025641,0.979727,0.898149,R3236
46-ABDE73_S210,259467,0.464813,1491.784781,31.05887,0.025641,0.97784,0.903202,R3236
46-ABDF22_S408,298405,0.489397,1196.815358,30.859552,0.017094,0.981554,0.918178,R3236
46-ABDG14_S276,369859,0.504517,1383.33246,48.657251,0.025641,0.982406,0.975344,R3236
46-ABDG93_S342,255956,0.485894,1089.018259,19.608304,0.025641,0.940521,0.503775,R3236
46-JXTP61_S46,345921,0.465829,2048.013934,27.618775,0.017094,0.974674,0.846646,R3236
46-XBEV41_S112,403537,0.496621,1638.531473,32.03738,0.025641,0.97644,0.91276,R3236
46-XBEW61_S177,367532,0.502254,1571.60892,24.770242,0.017094,0.975283,0.77426,R3236
47-ABDE74_S211,257482,0.464469,1451.253222,24.826738,0.025641,0.976501,0.781444,R3236
47-ABDF23_S409,288780,0.493849,1136.510942,35.809692,0.025641,0.980032,0.952027,R3236
47-ABDG16_S277,331919,0.497783,1389.72817,31.524595,0.025641,0.977109,0.911177,R3236
47-ABDG94_S343,305520,0.496772,1164.653387,36.035371,0.025641,0.981554,0.957446,R3236
47-JXTP62_S47,327832,0.472327,1971.963002,35.960489,0.025641,0.983441,0.948496,R3236
47-XBEV42_S113,438164,0.507263,2064.622636,25.777426,0.017094,0.970717,0.790332,R3236
47-XBEW62_S178,290590,0.479286,1242.272834,23.89541,0.017094,0.964203,0.750152,R3236
48-ABDE75_S212,360905,0.477528,1683.571878,59.830147,0.025641,0.98338,0.978084,R3236
48-ABDF24_S410,280507,0.490968,1053.703665,40.045964,0.017094,0.981006,0.963533,R3236
48-ABDG17_S278,304319,0.496456,1249.292054,29.05954,0.025641,0.979727,0.882382,R3236
48-ABDG95_S344,303367,0.496537,1160.899533,37.236576,0.025641,0.97851,0.949836,R3236
48-JXTP63_S48,299859,0.461859,1741.572533,34.913491,0.025641,0.981067,0.94046,R3236
48-XBEV43_S114,450072,0.50928,2031.810073,29.329112,0.025641,0.976683,0.878668,R3236
48-XBEW63_S179,323755,0.498921,1367.729568,19.751005,0.025641,0.956471,0.495495,R3236
49-ABDE76_S213,241463,0.458506,1257.112523,39.626324,0.025641,0.983015,0.966029,R3236
49-ABDF25_S411,304401,0.490981,1181.827414,40.561427,0.025641,0.978205,0.956471,R3236
49-ABDG18_S279,314150,0.482876,1315.270083,33.103373,0.025641,0.98058,0.921405,R3236
49-ABDG96_S345,216299,0.492442,768.281396,48.714294,0.017094,0.983197,0.975344,R3236
49-JXTP64_S49,330017,0.484149,1731.303412,26.349994,0.025641,0.976562,0.829721,R3236
49-XBEV44_S115,446188,0.497421,2028.542611,28.652502,0.025641,0.976562,0.880433,R3236
49-XBEW64_S180,332383,0.491572,1624.712226,19.648728,0.017094,0.947948,0.473639,R3236
5-ABDF69_S235,298175,0.471205,1570.859127,32.394314,0.025641,0.978449,0.929624,R3236
5-ABDH16_S367,352293,0.497964,1317.465645,36.110739,0.025641,0.978388,0.941739,R3236
5-JXTP22_S5,341369,0.470313,1906.110427,37.240412,0.025641,0.981371,0.951358,R3236
5-SABC58_S301,345566,0.511446,1245.316865,27.115792,0.025641,0.973031,0.838244,R3236
5-XBEV66_S137,379354,0.501627,1629.06941,22.367344,0.025641,0.964812,0.666565,R3236
5-XBEW44_S71,333754,0.470001,1957.201808,32.045111,0.025641,0.980762,0.916778,R3236
50-ABDE77_S214,207844,0.46068,1232.821255,15.559722,0.017094,0.87672,0.214721,R3236
50-ABDF26_S412,285605,0.499531,1051.615559,43.198588,0.025641,0.981067,0.96536,R3236
50-ABDG19_S280,328919,0.498634,1365.465819,32.870693,0.025641,0.976744,0.924449,R3236
50-ABDG97_S346,280616,0.50184,1121.713843,23.519725,0.025641,0.969621,0.712651,R3236
50-JXTP65_S50,229198,0.447997,1456.881405,20.664252,0.025641,0.956898,0.54779,R3236
50-XBEV45_S116,449953,0.505981,1921.704975,32.363874,0.025641,0.979362,0.908986,R3236
50-XBEW65_S181,389464,0.491691,1841.294719,29.636491,0.025641,0.980336,0.888957,R3236
51-ABDE78_S215,252001,0.458049,1464.487136,30.89681,0.025641,0.978753,0.908742,R3236
51-ABDF27_S413,293705,0.480373,1195.368235,30.523073,0.025641,0.978936,0.899915,R3236
51-ABDG21_S281,323839,0.498532,1382.433277,21.703823,0.025641,0.947887,0.61981,R3236
51-ABDG98_S347,354736,0.510631,1376.028786,41.942956,0.017094,0.982162,0.966699,R3236
51-JXTP66_S51,276665,0.460388,1751.202595,16.218008,0.017094,0.896262,0.275356,R3236
51-XBEV46_S117,425767,0.513837,1797.95907,32.130281,0.025641,0.983136,0.921101,R3236
51-XBEW66_S182,324677,0.49124,1482.781898,21.310301,0.025641,0.969621,0.609582,R3236
52-ABDE79_S216,310704,0.461142,1570.356703,62.391148,0.025641,0.984658,0.981067,R3236
52-ABDF28_S414,284352,0.486374,1145.340497,39.759832,0.017094,0.981615,0.957506,R3236
52-ABDG23_S282,382294,0.488543,1593.992793,47.34141,0.025641,0.983684,0.971813,R3236
52-JSAU48_S348,257037,0.508087,963.192242,19.250883,0.025641,0.946974,0.464386,R3236
52-JXTP67_S52,222454,0.463122,1456.017342,8.29642,0.025641,0.264033,0.010897,R3236
52-XBEV47_S118,455306,0.498918,1809.463067,46.078108,0.017094,0.981188,0.972787,R3236
52-XBEW67_S183,372190,0.498502,1649.035688,28.268903,0.025641,0.977718,0.863083,R3236
53-ABDE80_S217,253521,0.457509,1439.535928,34.57963,0.025641,0.982041,0.942347,R3236
53-ABDF29_S415,298991,0.494379,1240.771109,18.674358,0.025641,0.929258,0.451418,R3236
53-ABDG24_S283,310956,0.487449,1242.943782,33.807561,0.017094,0.976318,0.910751,R3236
53-JSAU49_S349,284981,0.496604,1191.112917,22.607634,0.025641,0.965542,0.697735,R3236
53-JXTP68_S53,335121,0.475922,1941.335212,22.008584,0.025641,0.960429,0.615061,R3236
53-XBEV48_S119,397984,0.512793,1729.98873,16.364788,0.025641,0.894375,0.25344,R3236
53-XBEW68_S184,387949,0.497755,1723.557856,33.828017,0.025641,0.981127,0.939547,R3236
54-ABDE81_S218,222778,0.452425,1287.899139,23.237855,0.025641,0.964873,0.714538,R3236
54-ABDF30_S416,277300,0.492832,1137.882846,23.271825,0.025641,0.958907,0.682211,R3236
54-ABDG25_S284,303453,0.49403,1215.867689,35.251309,0.025641,0.978327,0.940582,R3236
54-JSAU50_S350,343569,0.495768,1347.960381,42.988433,0.025641,0.98131,0.968038,R3236
54-JXTP69_S54,295546,0.47084,1864.443323,19.682759,0.025641,0.941191,0.468343,R3236
54-XBEV49_S120,434094,0.498373,1867.608701,29.214599,0.025641,0.97577,0.866918,R3236
54-XBEW69_S185,360736,0.493513,1608.60263,36.214903,0.025641,0.983745,0.955254,R3236
55-ABDE82_S219,253215,0.462138,1427.517058,28.678437,0.025641,0.978631,0.870449,R3236
55-ABDF31_S417,318788,0.502578,1180.156816,37.28881,0.025641,0.981006,0.954341,R3236
55-ABDG26_S285,326263,0.485909,1377.615952,42.295812,0.025641,0.978875,0.963594,R3236
55-ABDG99_S351,386849,0.508725,1383.340148,47.576586,0.025641,0.984171,0.974492,R3236
55-JXTP70_S55,277464,0.463224,1575.531036,30.525204,0.025641,0.977536,0.886339,R3236
55-XBEV50_S121,355898,0.493488,1577.608658,25.431694,0.025641,0.968526,0.763972,R3236
55-XBEW70_S186,336849,0.491173,1571.081553,20.583831,0.025641,0.954158,0.56995,R3236
56-ABDE83_S220,290373,0.4663,1563.787664,48.1648,0.025641,0.984111,0.975283,R3236
56-ABDF32_S418,263433,0.479837,1107.126414,19.703032,0.017094,0.947522,0.501583,R3236
56-ABDG28_S286,335355,0.491764,1383.952431,39.460063,0.025641,0.982467,0.959455,R3236
56-ABDH01_S352,427315,0.525381,1464.92976,37.542372,0.025641,0.981006,0.956654,R3236
56-JXTQ33_S56,370734,0.464736,2441.301795,19.995373,0.025641,0.946974,0.512845,R3236
56-XBEV51_S122,554763,0.508126,2427.175468,57.266407,0.025641,0.985206,0.97784,R3236
56-XBEW71_S187,310731,0.499903,1388.535491,23.619627,0.025641,0.970352,0.730366,R3236
57-ABDF33_S419,286481,0.49172,1147.902678,30.660599,0.017094,0.979971,0.906611,R3236
57-ABDF55_S221,285035,0.473165,1561.446163,37.304517,0.025641,0.980214,0.956958,R3236
57-ABDG29_S287,335916,0.506576,1430.10169,26.736576,0.025641,0.973883,0.833252,R3236
57-ABDH02_S353,312253,0.514158,1144.16267,27.155303,0.025641,0.977049,0.83861,R3236
57-JXTQ34_S57,345926,0.477931,2185.527934,14.126324,0.025641,0.839401,0.13363,R3236
57-XBEV52_S123,452206,0.507202,2098.040755,23.724583,0.025641,0.964873,0.708633,R3236
57-XBEW72_S188,253198,0.481606,1061.31704,28.672166,0.017094,0.976135,0.858882,R3236
58-ABDF34_S420,273944,0.49604,1114.651334,26.044381,0.025641,0.968221,0.817424,R3236
58-ABDF56_S222,253430,0.454427,1222.082776,52.537258,0.025641,0.981493,0.977901,R3236
58-ABDG30_S288,279218,0.492888,1199.136068,26.661756,0.025641,0.975527,0.830269,R3236
58-ABDH03_S354,328139,0.535058,1069.625213,20.276087,0.025641,0.955193,0.555096,R3236
58-XBEV53_S124,416345,0.504378,1809.680208,26.821198,0.025641,0.976075,0.814441,R3236
58-XBEW05_S58,342787,0.456402,2130.528677,35.756362,0.025641,0.980032,0.95154,R3236
58-XBEW73_S189,351778,0.487861,1564.541825,31.63923,0.025641,0.971509,0.920188,R3236
59-ABDE41_S421,355138,0.500058,1465.887345,25.948131,0.025641,0.9751,0.809631,R3236
59-ABDF57_S223,269545,0.458384,1414.668894,39.229453,0.025641,0.980214,0.963594,R3236
59-ABDG36_S289,360866,0.487797,1472.757131,55.439121,0.025641,0.983684,0.978571,R3236
59-ABDH04_S355,405154,0.504635,1411.347705,65.283088,0.025641,0.982041,0.978631,R3236
59-XBEV54_S125,463844,0.497768,2046.502293,28.062158,0.025641,0.974005,0.83934,R3236
59-XBEW06_S59,302349,0.460561,1868.886821,28.832035,0.025641,0.978266,0.872519,R3236
59-XBEW75_S190,311389,0.489887,1469.444459,18.223731,0.017094,0.917265,0.38092,R3236
6-ABDF70_S236,286401,0.467786,1579.562705,19.269938,0.025641,0.916109,0.484232,R3236
6-ABDH17_S368,352508,0.489797,1379.789324,29.386765,0.017094,0.975892,0.901985,R3236
6-JXTP23_S6,304947,0.480012,1664.998821,27.717095,0.017094,0.976744,0.8601,R3236
6-SABC59_S302,383707,0.492749,1438.921461,72.90929,0.025641,0.985633,0.982223,R3236
6-XBEV67_S138,420648,0.504806,1760.100031,31.138317,0.025641,0.975831,0.912882,R3236
6-XBEW45_S72,299077,0.472172,1576.977504,21.704676,0.025641,0.963229,0.635639,R3236
60-ABDE42_S422,384307,0.505771,1524.187088,25.53878,0.025641,0.975527,0.784975,R3236
60-ABDF58_S224,302585,0.451607,1508.069323,65.886034,0.025641,0.982832,0.980093,R3236
60-ABDG37_S290,323404,0.49343,1340.378369,40.405029,0.025641,0.981188,0.957628,R3236
60-ABDH05_S356,417117,0.546082,1261.704582,24.507975,0.025641,0.970656,0.757823,R3236
60-XBEV55_S126,335185,0.499936,1554.855545,26.683733,0.025641,0.965421,0.826129,R3236
60-XBEW07_S60,262120,0.45831,1602.628227,14.422075,0.017094,0.829478,0.153598,R3236
60-XBEW76_S191,377764,0.493306,1687.948281,31.180202,0.025641,0.978875,0.914465,R3236
61-ABDE43_S423,469217,0.51372,1640.28821,49.227323,0.025641,0.982041,0.974126,R3236
61-ABDF59_S225,231666,0.453442,1277.27231,31.935346,0.025641,0.979179,0.917874,R3236
61-ABDG38_S291,351812,0.494957,1458.750448,42.268355,0.017094,0.982102,0.963412,R3236
61-ABDH06_S357,340458,0.509361,1271.202813,31.092475,0.025641,0.981675,0.899367,R3236
61-XBEV56_S127,354920,0.498083,1511.773424,35.325277,0.025641,0.979788,0.945939,R3236
61-XBEW08_S61,459039,0.451608,2616.538156,108.524717,0.017094,0.985328,0.984293,R3236
61-XBEW77_S192,363002,0.487496,1656.246888,30.343115,0.025641,0.978936,0.887008,R3236
62-ABDE84_S424,325912,0.500363,1227.555017,41.393827,0.017094,0.982345,0.962925,R3236
62-ABDF60_S226,236753,0.461151,1235.96239,26.050834,0.025641,0.971509,0.810605,R3236
62-ABDG39_S292,343703,0.497277,1308.691434,52.282723,0.025641,0.98338,0.976318,R3236
62-ABDH07_S358,419810,0.516487,1572.360547,33.445148,0.025641,0.975527,0.934251,R3236
62-XBEV57_S128,387382,0.513161,1765.188092,17.864057,0.025641,0.921405,0.356508,R3236
62-XBEW09_S62,462541,0.454282,3132.732713,69.37538,0.025641,0.985389,0.98058,R3236
62-XBEW78_S193,360589,0.490344,1784.807321,11.692987,0.025641,0.656946,0.066602,R3236
63-ABDE85_S425,363401,0.519797,1211.405539,48.731888,0.017094,0.982345,0.974674,R3236
63-ABDF61_S227,280024,0.412746,1100.860176,57.113296,0.025641,0.972483,0.963777,R3236
63-ABDG40_S293,303520,0.494359,1276.494693,28.084805,0.025641,0.976988,0.85389,R3236
63-ABDH08_S359,443925,0.473337,1473.851832,33.30056,0.025641,0.976866,0.927493,R3236
63-XBEV58_S129,280728,0.49761,1229.008562,25.604529,0.025641,0.974918,0.812127,R3236
63-XBEW10_S63,334064,0.469699,2172.996156,19.894253,0.025641,0.955132,0.505723,R3236
63-XBEW79_S194,419154,0.497892,2034.927227,19.232558,0.025641,0.947218,0.457506,R3236
64-ABCZ85_S426,215017,0.475886,969.69506,12.920066,0.025641,0.792037,0.076708,R3236
64-ABDF62_S228,274964,0.456727,1479.69851,41.077682,0.025641,0.981919,0.968952,R3236
64-ABDG41_S294,345488,0.494743,1349.222644,63.658103,0.017094,0.983076,0.981067,R3236
64-ABDH09_S360,373125,0.493742,1501.537238,31.053208,0.017094,0.979484,0.910934,R3236
64-XBEV59_S130,368069,0.499308,1563.853667,28.373371,0.025641,0.97784,0.865396,R3236
64-XBEW11_S64,337591,0.466592,1982.315642,38.50621,0.025641,0.984841,0.962925,R3236
64-XBEW80_S195,502240,0.487413,2204.39938,59.310118,0.025641,0.981919,0.980519,R3236
65-ABDF63_S229,288403,0.463759,1659.260953,31.007427,0.025641,0.977962,0.890844,R3236
65-ABDG42_S295,326521,0.498274,1328.053859,35.349263,0.025641,0.980519,0.951114,R3236
65-ABDH10_S361,398140,0.51379,1458.772551,33.682333,0.017094,0.97924,0.926093,R3236
65-SABC23_S427,208133,0.485537,930.302887,13.045964,0.025641,0.770364,0.077986,R3236
65-XBEV60_S131,379003,0.509853,1626.189534,26.523378,0.025641,0.974248,0.82686,R3236
65-XBEW12_S65,321820,0.460255,1970.23374,22.229575,0.025641,0.957933,0.673018,R3236
65-XBEW81_S196,315407,0.489566,1457.951033,14.309509,0.025641,0.83447,0.135456,R3236
66-ABDF64_S230,229332,0.452629,1290.602848,27.233776,0.025641,0.974248,0.845976,R3236
66-ABDG43_S296,314638,0.491591,1315.874416,30.072142,0.025641,0.977536,0.887069,R3236
66-ABDH11_S362,400259,0.522106,1410.976106,28.046085,0.025641,0.969987,0.852125,R3236
66-XBEO47_S66,221016,0.444904,1521.713886,13.487824,0.025641,0.79776,0.097772,R3236
66-XBEV61_S132,393686,0.504037,1665.8168,30.729088,0.025641,0.97924,0.902776,R3236
66-XBEW82_S197,380478,0.501604,1656.930284,28.952393,0.025641,0.977901,0.87672,R3236
7-ABDF71_S237,339486,0.46735,1844.414712,32.057653,0.025641,0.97717,0.920492,R3236
7-ABDG52_S303,427444,0.521635,1488.43332,18.798673,0.017094,0.926336,0.45848,R3236
7-ABDH18_S369,382525,0.500921,1397.230245,30.416291,0.025641,0.972422,0.893705,R3236
7-JXTP24_S7,258622,0.465297,1542.600577,13.077073,0.025641,0.759832,0.108852,R3236
7-XBEV68_S139,346427,0.504778,1342.985192,30.63576,0.025641,0.979849,0.903933,R3236
7-XBEW48_S73,310021,0.467531,1859.795789,35.561853,0.025641,0.981006,0.949897,R3236
8-ABDF72_S238,293417,0.469993,1542.620583,22.587422,0.017094,0.969439,0.674967,R3236
8-ABDG53_S304,381326,0.510856,1518.523086,24.774869,0.025641,0.969378,0.759041,R3236
8-ABDH19_S370,381706,0.509173,1366.360328,42.537014,0.025641,0.981067,0.970047,R3236
8-JXTP25_S8,323652,0.466923,1915.471148,33.456411,0.025641,0.979727,0.93559,R3236
8-XBEV69_S140,432716,0.498704,1838.094439,35.542007,0.025641,0.979423,0.942347,R3236
8-XBEW49_S74,266361,0.489459,1302.485345,26.467247,0.025641,0.976075,0.825033,R3236
9-ABDF73_S239,294091,0.465662,1645.175687,21.281809,0.025641,0.950079,0.591806,R3236
9-ABDG54_S305,425468,0.523113,1437.555192,36.592354,0.025641,0.980458,0.948253,R3236
9-ABDH20_S371,386587,0.512954,1335.712489,41.381347,0.025641,0.980945,0.965238,R3236
9-JXTP26_S9,279750,0.475108,1545.088586,16.051199,0.025641,0.873919,0.262754,R3236
9-XBEV70_S141,456362,0.49522,1824.513476,57.776269,0.025641,0.98478,0.978144,R3236
9-XBEW50_S75,243095,0.449749,1450.233565,21.074699,0.025641,0.939425,0.51729,R3236
